exp	acc	assay	target	biosample_summary	biosample_term_id	biosample_term_name	cell_slims	biorep	file_format	output_type	strand_specificity	preferred_default	url	md5sum
ENCSR983KDL	ENCFF661OEY	long read RNA-seq		Homo sapiens K562	EFO:0002067	K562	hematopoietic cell,leukocyte,cancer cell	1	bam	alignments	unstranded	False	https://encode-public.s3.amazonaws.com/2021/01/23/346080a1-ebc3-498d-abb3-8de6895f214b/ENCFF661OEY.bam	73d6ec59af80f4508a4d6a91775cb70f
ENCSR983KDL	ENCFF645UVN	long read RNA-seq		Homo sapiens K562	EFO:0002067	K562	hematopoietic cell,leukocyte,cancer cell	2	bam	alignments	unstranded	False	https://encode-public.s3.amazonaws.com/2021/01/23/e032dacf-4af2-4a53-8804-54ae409916dd/ENCFF645UVN.bam	eea6a9fa85d5cbbe1690b628027cb2a5
ENCSR949BBZ	ENCFF432HAE	RNA-seq		Homo sapiens K562 treated with 25 μM Galeterone for 12 hours	EFO:0002067	K562	hematopoietic cell,leukocyte,cancer cell	2	bigWig	signal of unique reads	unstranded	True	https://encode-public.s3.amazonaws.com/2021/12/31/dea9345b-89e8-483b-82fe-6066838448d2/ENCFF432HAE.bigWig	7f7e9e3bef40880d866cfe50e71bf971
ENCSR949BBZ	ENCFF346AHI	RNA-seq		Homo sapiens K562 treated with 25 μM Galeterone for 12 hours	EFO:0002067	K562	hematopoietic cell,leukocyte,cancer cell	1	bigWig	signal of unique reads	unstranded	False	https://encode-public.s3.amazonaws.com/2021/12/31/a3354558-ef4a-4da2-99f3-8dbb5198c0ef/ENCFF346AHI.bigWig	e14b019dcb7a93aeb3b374ad47dc3aba
ENCSR206KFV	ENCFF117CTU	RNA-seq		Homo sapiens K562 treated with 25 μM Galeterone for 4 hours	EFO:0002067	K562	hematopoietic cell,leukocyte,cancer cell	1	bigWig	signal of unique reads	unstranded	True	https://encode-public.s3.amazonaws.com/2021/12/31/bdd0cdac-0fd8-48c6-a6a0-980e285cae84/ENCFF117CTU.bigWig	84ac312d72a624e5f6b552780c5dded8
ENCSR206KFV	ENCFF020VIO	RNA-seq		Homo sapiens K562 treated with 25 μM Galeterone for 4 hours	EFO:0002067	K562	hematopoietic cell,leukocyte,cancer cell	2	bigWig	signal of unique reads	unstranded	False	https://encode-public.s3.amazonaws.com/2021/12/31/0200bcd5-9972-49b0-a5a4-f341531b27a6/ENCFF020VIO.bigWig	9b6d943b471cb376149483134f52b158
ENCSR149ZRX	ENCFF990LRK	PRO-cap		Homo sapiens K562	EFO:0002067	K562	hematopoietic cell,leukocyte,cancer cell	1	bigWig	plus strand signal of unique reads	reverse	False	https://encode-public.s3.amazonaws.com/2021/11/19/8960cc43-85e0-4ac5-bce0-9a78d0eb2910/ENCFF990LRK.bigWig	e635070b4f99c0cf482db38ecc8d7340
ENCSR149ZRX	ENCFF177SYN	PRO-cap		Homo sapiens K562	EFO:0002067	K562	hematopoietic cell,leukocyte,cancer cell	2	bigWig	plus strand signal of unique reads	reverse	False	https://encode-public.s3.amazonaws.com/2021/11/19/99f77a13-cb96-43ba-a930-42ce48f052c1/ENCFF177SYN.bigWig	dfc0d9085ce4cb29b7d449c258ec5fde
ENCSR149ZRX	ENCFF258ZIO	PRO-cap		Homo sapiens K562	EFO:0002067	K562	hematopoietic cell,leukocyte,cancer cell	1	bigWig	minus strand signal of unique reads	reverse	False	https://encode-public.s3.amazonaws.com/2021/11/19/8e58eb1e-2aab-4e98-bea9-b3a9edf0705e/ENCFF258ZIO.bigWig	7cec4a806b2a8c03a1eb2c454c6a5d56
ENCSR149ZRX	ENCFF952YCN	PRO-cap		Homo sapiens K562	EFO:0002067	K562	hematopoietic cell,leukocyte,cancer cell	2	bigWig	minus strand signal of unique reads	reverse	False	https://encode-public.s3.amazonaws.com/2021/11/19/cace70d8-0b9c-4a31-8500-8516e7b98911/ENCFF952YCN.bigWig	70efa64d08ac58c0db2d9f2a0d7bf92a
ENCSR758BAT	ENCFF082FJL	RNA-seq		Homo sapiens K562 treated with 50 μM C646 for 4 hours	EFO:0002067	K562	hematopoietic cell,leukocyte,cancer cell	2	bigWig	signal of unique reads	unstranded	False	https://encode-public.s3.amazonaws.com/2021/12/31/1628db12-fc11-4234-9979-388c3f52c49c/ENCFF082FJL.bigWig	ca48a264cdd29f766fc398f7b44a7001
ENCSR758BAT	ENCFF988LZV	RNA-seq		Homo sapiens K562 treated with 50 μM C646 for 4 hours	EFO:0002067	K562	hematopoietic cell,leukocyte,cancer cell	1	bigWig	signal of unique reads	unstranded	True	https://encode-public.s3.amazonaws.com/2021/12/31/e794b6bb-bd0e-4ca3-a08b-8ba34db3243a/ENCFF988LZV.bigWig	2a99c8899036ff38fc17f889e3f3573d
ENCSR526TQU	ENCFF322UJU	long read RNA-seq		Homo sapiens K562	EFO:0002067	K562	hematopoietic cell,leukocyte,cancer cell	1	bam	alignments	unstranded	False	https://encode-public.s3.amazonaws.com/2021/01/23/bb605c00-5c20-4af7-b554-b07b9ea1140a/ENCFF322UJU.bam	a3a600ee457e5689ddce96aef1ce2cc8
ENCSR798RDG	ENCFF455ULF	RNA-seq		Homo sapiens K562 treated with 100 nM GSK J4 for 48 hours	EFO:0002067	K562	hematopoietic cell,leukocyte,cancer cell	2	bigWig	signal of unique reads	unstranded	False	https://encode-public.s3.amazonaws.com/2021/12/31/6d55e893-0705-472e-9343-292d02e6c6d1/ENCFF455ULF.bigWig	8988653caf1a58b5ad464d99aab1d3d9
ENCSR798RDG	ENCFF871TBQ	RNA-seq		Homo sapiens K562 treated with 100 nM GSK J4 for 48 hours	EFO:0002067	K562	hematopoietic cell,leukocyte,cancer cell	1	bigWig	signal of unique reads	unstranded	True	https://encode-public.s3.amazonaws.com/2021/12/31/1fe31901-9b28-4cf1-8a4c-661a529a3e5a/ENCFF871TBQ.bigWig	cc77e2205d988abfc260203a2afb0d04
ENCSR693JOK	ENCFF652PJM	RNA-seq		Homo sapiens K562 treated with 100 nM GSK J4 for 24 hours	EFO:0002067	K562	hematopoietic cell,leukocyte,cancer cell	1	bigWig	signal of unique reads	unstranded	True	https://encode-public.s3.amazonaws.com/2021/12/31/0c7c4adb-14cb-42f7-a07b-ecdad58b437f/ENCFF652PJM.bigWig	497b909aea7df88e27e483644901a111
ENCSR693JOK	ENCFF493KGC	RNA-seq		Homo sapiens K562 treated with 100 nM GSK J4 for 24 hours	EFO:0002067	K562	hematopoietic cell,leukocyte,cancer cell	2	bigWig	signal of unique reads	unstranded	False	https://encode-public.s3.amazonaws.com/2021/12/31/914f0507-0119-41d7-9185-e4199c89e386/ENCFF493KGC.bigWig	ce34b38bde7906f68a236dce1e0acfb7
ENCSR518BSQ	ENCFF032WBE	RNA-seq		Homo sapiens K562 treated with 10 μM Crizotinib for 4 hours	EFO:0002067	K562	hematopoietic cell,leukocyte,cancer cell	2	bigWig	signal of unique reads	unstranded	True	https://encode-public.s3.amazonaws.com/2021/12/31/a8b6c18e-4dc2-4e66-9a33-9ea0b6daea00/ENCFF032WBE.bigWig	d35fa3cdcc35d7cfb04c2a068ec22baf
ENCSR518BSQ	ENCFF344YVW	RNA-seq		Homo sapiens K562 treated with 10 μM Crizotinib for 4 hours	EFO:0002067	K562	hematopoietic cell,leukocyte,cancer cell	1	bigWig	signal of unique reads	unstranded	False	https://encode-public.s3.amazonaws.com/2021/12/31/d41a2ff8-e831-4d91-b131-8ea6d9a62cf4/ENCFF344YVW.bigWig	8701066d50457281fa709c144cd04b57
ENCSR451LDB	ENCFF436OWO	RNA-seq		Homo sapiens K562 treated with 50 μM C646 for 12 hours	EFO:0002067	K562	hematopoietic cell,leukocyte,cancer cell	1	bigWig	signal of unique reads	unstranded	True	https://encode-public.s3.amazonaws.com/2021/12/31/9cfb8c15-78c0-4be2-842b-2987bfbca810/ENCFF436OWO.bigWig	f59b27dfb87f13b4bd3ef9c76238ea4e
ENCSR451LDB	ENCFF282NNV	RNA-seq		Homo sapiens K562 treated with 50 μM C646 for 12 hours	EFO:0002067	K562	hematopoietic cell,leukocyte,cancer cell	2	bigWig	signal of unique reads	unstranded	False	https://encode-public.s3.amazonaws.com/2021/12/31/781c870f-8c68-449f-9c84-c73735b759ec/ENCFF282NNV.bigWig	5b13f00b391b828f9348135b216252cb
ENCSR325BJP	ENCFF206GMC	RNA-seq		Homo sapiens K562 treated with 25 μM Galeterone for 48 hours	EFO:0002067	K562	hematopoietic cell,leukocyte,cancer cell	1	bigWig	signal of unique reads	unstranded	True	https://encode-public.s3.amazonaws.com/2021/12/31/e00c76c6-6063-4eea-80d3-ebf9c0b6d72c/ENCFF206GMC.bigWig	227d9639b60f2a8f1011bbe9a938927d
ENCSR325BJP	ENCFF021MQE	RNA-seq		Homo sapiens K562 treated with 25 μM Galeterone for 48 hours	EFO:0002067	K562	hematopoietic cell,leukocyte,cancer cell	2	bigWig	signal of unique reads	unstranded	False	https://encode-public.s3.amazonaws.com/2021/12/31/16f05fdb-2c70-46a2-9152-63f04f155a8b/ENCFF021MQE.bigWig	403c743416fdff368e77a9048eea3414
ENCSR591KOB	ENCFF654MFX	RNA-seq		Homo sapiens K562 treated with 10 μM Crizotinib for 24 hours	EFO:0002067	K562	hematopoietic cell,leukocyte,cancer cell	2	bigWig	signal of unique reads	unstranded	True	https://encode-public.s3.amazonaws.com/2021/12/31/3a370f5e-ae98-4b09-a338-b7e5e8b43f85/ENCFF654MFX.bigWig	abe04b59fc86876b9ea69a7a494b6576
ENCSR591KOB	ENCFF459NCQ	RNA-seq		Homo sapiens K562 treated with 10 μM Crizotinib for 24 hours	EFO:0002067	K562	hematopoietic cell,leukocyte,cancer cell	1	bigWig	signal of unique reads	unstranded	False	https://encode-public.s3.amazonaws.com/2021/12/31/7cb9e0eb-36f7-484e-96ef-bd9bd997f4f2/ENCFF459NCQ.bigWig	c57d597833097941e42e5e71e5f022b6
ENCSR379BAF	ENCFF669LZR	RNA-seq		Homo sapiens K562 treated with 5 μM MB-3 for 48 hours	EFO:0002067	K562	hematopoietic cell,leukocyte,cancer cell	2	bigWig	signal of unique reads	unstranded	True	https://encode-public.s3.amazonaws.com/2021/12/31/e029bb69-c96b-49ee-b100-a42d66e7c314/ENCFF669LZR.bigWig	ce865c799f2c144f092676eb9dbe5ae6
ENCSR379BAF	ENCFF290WID	RNA-seq		Homo sapiens K562 treated with 5 μM MB-3 for 48 hours	EFO:0002067	K562	hematopoietic cell,leukocyte,cancer cell	1	bigWig	signal of unique reads	unstranded	False	https://encode-public.s3.amazonaws.com/2021/12/31/9c23f4dd-b5d7-40ac-b4a4-9aea91230d2f/ENCFF290WID.bigWig	8fde805ea3c9502d366e1307aef5258a
ENCSR917JIA	ENCFF841LGU	long read RNA-seq		Homo sapiens K562	EFO:0002067	K562	hematopoietic cell,leukocyte,cancer cell	1	bam	alignments	forward	False	https://encode-public.s3.amazonaws.com/2022/02/11/27afe7d5-55e0-4fa4-afeb-40766799549d/ENCFF841LGU.bam	01066141f2b8ec8cea24c6a060d70264
ENCSR917JIA	ENCFF425GZN	long read RNA-seq		Homo sapiens K562	EFO:0002067	K562	hematopoietic cell,leukocyte,cancer cell	2	bam	alignments	forward	False	https://encode-public.s3.amazonaws.com/2022/02/11/5a1c711c-5a53-4f50-b304-f143f7a16d9a/ENCFF425GZN.bam	f682b35099e569cfa6a03dacbb6cd6f5
ENCSR534TGM	ENCFF195IRQ	RNA-seq		Homo sapiens K562 treated with 5 μM JQ1 for 48 hours	EFO:0002067	K562	hematopoietic cell,leukocyte,cancer cell	2	bigWig	signal of unique reads	unstranded	False	https://encode-public.s3.amazonaws.com/2021/12/31/44c9ef34-c985-4a6c-90e6-2c5579edc232/ENCFF195IRQ.bigWig	21991d62b35bf1238fae85870a43bc5a
ENCSR534TGM	ENCFF100FHW	RNA-seq		Homo sapiens K562 treated with 5 μM JQ1 for 48 hours	EFO:0002067	K562	hematopoietic cell,leukocyte,cancer cell	1	bigWig	signal of unique reads	unstranded	True	https://encode-public.s3.amazonaws.com/2021/12/31/31357e3c-a650-4fc4-8aa9-f0b17d2fb129/ENCFF100FHW.bigWig	af1e8308926ad005a5c143ec2fe4bcee
ENCSR105NQB	ENCFF876APW	RNA-seq		Homo sapiens K562 treated with 7.5 nM Vorinostat for 12 hours	EFO:0002067	K562	hematopoietic cell,leukocyte,cancer cell	1	bigWig	signal of unique reads	unstranded	False	https://encode-public.s3.amazonaws.com/2021/12/31/6277a42a-05de-40c0-b39f-e9c759213814/ENCFF876APW.bigWig	bea13b24d5f95ffc595b2ba8813e0c4c
ENCSR105NQB	ENCFF883NOA	RNA-seq		Homo sapiens K562 treated with 7.5 nM Vorinostat for 12 hours	EFO:0002067	K562	hematopoietic cell,leukocyte,cancer cell	2	bigWig	signal of unique reads	unstranded	True	https://encode-public.s3.amazonaws.com/2021/12/31/3ed16272-ab1b-4b47-9b91-608bce1e31b3/ENCFF883NOA.bigWig	d5b4c1526aad030741a2aa8156f3e006
ENCSR161RSX	ENCFF219KLR	RNA-seq		Homo sapiens K562 treated with 5 μM MB-3 for 24 hours	EFO:0002067	K562	hematopoietic cell,leukocyte,cancer cell	1	bigWig	signal of unique reads	unstranded	True	https://encode-public.s3.amazonaws.com/2021/12/31/cfbad0a9-3787-407d-85b7-15b3748a44e4/ENCFF219KLR.bigWig	e42b33bc800c6ad1fcca84eaeb6a3a92
ENCSR161RSX	ENCFF282AYM	RNA-seq		Homo sapiens K562 treated with 5 μM MB-3 for 24 hours	EFO:0002067	K562	hematopoietic cell,leukocyte,cancer cell	2	bigWig	signal of unique reads	unstranded	False	https://encode-public.s3.amazonaws.com/2021/12/31/352ff8fe-2fcc-4310-96e9-f345340d9ac6/ENCFF282AYM.bigWig	c78320279db3eddfa897cf501159e21f
ENCSR950YTM	ENCFF333PSK	RNA-seq		Homo sapiens K562 treated with 7.5 nM Vorinostat for 48 hours	EFO:0002067	K562	hematopoietic cell,leukocyte,cancer cell	1	bigWig	signal of unique reads	unstranded	False	https://encode-public.s3.amazonaws.com/2021/12/31/c13ef396-f307-450f-9093-eed6a0b7fae1/ENCFF333PSK.bigWig	0a9bdd6249c61f54c2b6047448d09e76
ENCSR950YTM	ENCFF233DDA	RNA-seq		Homo sapiens K562 treated with 7.5 nM Vorinostat for 48 hours	EFO:0002067	K562	hematopoietic cell,leukocyte,cancer cell	2	bigWig	signal of unique reads	unstranded	True	https://encode-public.s3.amazonaws.com/2021/12/31/52dd1220-9c57-4786-8fae-6c0d154f722c/ENCFF233DDA.bigWig	f4388168182a806c5e5af0fda3e52979
ENCSR287DHQ	ENCFF719RAL	RNA-seq		Homo sapiens K562 treated with 10 nM Bortezomib for 12 hours	EFO:0002067	K562	hematopoietic cell,leukocyte,cancer cell	1	bigWig	signal of unique reads	unstranded	True	https://encode-public.s3.amazonaws.com/2021/12/31/9bdc802f-2301-44e8-b73a-d517895cb989/ENCFF719RAL.bigWig	7f15ed99f7dc3f29de0f5490c428c2c1
ENCSR287DHQ	ENCFF112ARC	RNA-seq		Homo sapiens K562 treated with 10 nM Bortezomib for 12 hours	EFO:0002067	K562	hematopoietic cell,leukocyte,cancer cell	2	bigWig	signal of unique reads	unstranded	False	https://encode-public.s3.amazonaws.com/2021/12/31/227acff2-69db-467b-af11-c69e8e01c734/ENCFF112ARC.bigWig	ee25963d0eb7650bfef191685df7ef04
ENCSR303IRE	ENCFF710UHS	RNA-seq		Homo sapiens K562 treated with 7.5 nM Panobinostat for 48 hours	EFO:0002067	K562	hematopoietic cell,leukocyte,cancer cell	2	bigWig	signal of unique reads	unstranded	False	https://encode-public.s3.amazonaws.com/2021/12/31/db87b383-a06c-4d26-a576-74939c692e3e/ENCFF710UHS.bigWig	3e3a73f9032e9fe7c5eeabc412939acb
ENCSR303IRE	ENCFF557CLI	RNA-seq		Homo sapiens K562 treated with 7.5 nM Panobinostat for 48 hours	EFO:0002067	K562	hematopoietic cell,leukocyte,cancer cell	1	bigWig	signal of unique reads	unstranded	True	https://encode-public.s3.amazonaws.com/2021/12/31/ea59441b-82a9-4c2b-b86d-ace47a196cfc/ENCFF557CLI.bigWig	f07c6268aeeedc4a68fdf0af7b037e4e
ENCSR882NWV	ENCFF432UNL	RNA-seq		Homo sapiens K562 treated with 50 μM C646 for 24 hours	EFO:0002067	K562	hematopoietic cell,leukocyte,cancer cell	1	bigWig	signal of unique reads	unstranded	True	https://encode-public.s3.amazonaws.com/2021/12/31/3ddd2572-09e0-4c60-a294-477b8f824ba3/ENCFF432UNL.bigWig	b5a9a7d7b1102406f21b470dd427dda1
ENCSR882NWV	ENCFF884YEW	RNA-seq		Homo sapiens K562 treated with 50 μM C646 for 24 hours	EFO:0002067	K562	hematopoietic cell,leukocyte,cancer cell	2	bigWig	signal of unique reads	unstranded	False	https://encode-public.s3.amazonaws.com/2021/12/31/6ef4d31f-11ab-45a6-a8a6-4ef7fff60d9f/ENCFF884YEW.bigWig	378c4749d4ad045011f4fa154d65885a
ENCSR689NPY	ENCFF082CYK	RNA-seq		Homo sapiens K562 treated with 10 μM AR-42 for 24 hours	EFO:0002067	K562	hematopoietic cell,leukocyte,cancer cell	1	bigWig	signal of unique reads	unstranded	True	https://encode-public.s3.amazonaws.com/2021/12/31/620b4dd7-40c2-4293-9708-0f612248ef4b/ENCFF082CYK.bigWig	838f8b94b9a55df9c3d037b8101aa595
ENCSR689NPY	ENCFF799LSA	RNA-seq		Homo sapiens K562 treated with 10 μM AR-42 for 24 hours	EFO:0002067	K562	hematopoietic cell,leukocyte,cancer cell	2	bigWig	signal of unique reads	unstranded	False	https://encode-public.s3.amazonaws.com/2021/12/31/a0669fb7-3826-4bc6-94c5-544f25e3067e/ENCFF799LSA.bigWig	b1dfe5097ae4cc680c41697b85cb55df
ENCSR100VUY	ENCFF689GBG	RNA-seq		Homo sapiens K562 treated with 10 nM Chaetocin for 24 hours	EFO:0002067	K562	hematopoietic cell,leukocyte,cancer cell	1	bigWig	signal of unique reads	unstranded	True	https://encode-public.s3.amazonaws.com/2021/12/31/98b4dfab-0447-474c-956e-aade1ee1d700/ENCFF689GBG.bigWig	d3c619aa6fda6f0540444b9b0517998d
ENCSR100VUY	ENCFF843KKU	RNA-seq		Homo sapiens K562 treated with 10 nM Chaetocin for 24 hours	EFO:0002067	K562	hematopoietic cell,leukocyte,cancer cell	2	bigWig	signal of unique reads	unstranded	False	https://encode-public.s3.amazonaws.com/2021/12/31/fd678d6a-4f94-44e9-800a-70ff4de13cd1/ENCFF843KKU.bigWig	6acb74276f90361310a6d8aa470b3fef
ENCSR882DWM	ENCFF745CSK	PRO-cap		Homo sapiens K562	EFO:0002067	K562	hematopoietic cell,leukocyte,cancer cell	2	bigWig	minus strand signal of unique reads	reverse	False	https://encode-public.s3.amazonaws.com/2021/11/19/badf6421-aef2-4797-a299-91ed94d82013/ENCFF745CSK.bigWig	44f5536f6dffa3db348a70aa247d89fe
ENCSR882DWM	ENCFF809FNB	PRO-cap		Homo sapiens K562	EFO:0002067	K562	hematopoietic cell,leukocyte,cancer cell	2	bigWig	minus strand signal of unique reads	reverse	False	https://encode-public.s3.amazonaws.com/2021/11/19/99feb1b0-e31c-4ed7-8580-18dc54c1daa3/ENCFF809FNB.bigWig	00a6a417b72ef7055b448359901bbf33
ENCSR882DWM	ENCFF620GJD	PRO-cap		Homo sapiens K562	EFO:0002067	K562	hematopoietic cell,leukocyte,cancer cell	1	bigWig	plus strand signal of unique reads	reverse	False	https://encode-public.s3.amazonaws.com/2021/11/19/96d87e48-c71e-4567-bb73-10bf840768d7/ENCFF620GJD.bigWig	11e76a73b0acef7361c9acb22773ddf8
ENCSR882DWM	ENCFF650OXQ	PRO-cap		Homo sapiens K562	EFO:0002067	K562	hematopoietic cell,leukocyte,cancer cell	1	bigWig	plus strand signal of unique reads	reverse	False	https://encode-public.s3.amazonaws.com/2021/11/19/ec370d29-532f-4eb5-9525-8e97478c1a05/ENCFF650OXQ.bigWig	f1e9f1798e4740194c85eca91fd2c426
ENCSR882DWM	ENCFF191LBI	PRO-cap		Homo sapiens K562	EFO:0002067	K562	hematopoietic cell,leukocyte,cancer cell	1	bigWig	minus strand signal of unique reads	reverse	False	https://encode-public.s3.amazonaws.com/2021/11/19/39b2c1f9-db56-4d5d-a8f4-931f2daf25ff/ENCFF191LBI.bigWig	5cdb16fd3b5a1553b392d9c9fdc34467
ENCSR882DWM	ENCFF313UWT	PRO-cap		Homo sapiens K562	EFO:0002067	K562	hematopoietic cell,leukocyte,cancer cell	2	bigWig	plus strand signal of unique reads	reverse	False	https://encode-public.s3.amazonaws.com/2021/11/19/9e403d11-e9b0-4fa7-8902-84a25fd9d4b5/ENCFF313UWT.bigWig	9f47d90bea6a73d038905b6d58894969
ENCSR882DWM	ENCFF970BJP	PRO-cap		Homo sapiens K562	EFO:0002067	K562	hematopoietic cell,leukocyte,cancer cell	2	bigWig	plus strand signal of unique reads	reverse	False	https://encode-public.s3.amazonaws.com/2021/11/19/cc677601-aa7f-4b36-8bc8-6a0453a60d18/ENCFF970BJP.bigWig	d965516909072099ae4738fac4e04b92
ENCSR882DWM	ENCFF754VDR	PRO-cap		Homo sapiens K562	EFO:0002067	K562	hematopoietic cell,leukocyte,cancer cell	1	bigWig	minus strand signal of unique reads	reverse	False	https://encode-public.s3.amazonaws.com/2021/11/19/cdc5b8bb-d079-464a-83f4-fbeca9b12784/ENCFF754VDR.bigWig	e8df2396e17a61ea1d56964c459bb1ea
ENCSR114HGS	ENCFF085GRM	PRO-cap		Homo sapiens K562	EFO:0002067	K562	hematopoietic cell,leukocyte,cancer cell	1	bigWig	plus strand signal of unique reads	reverse	False	https://encode-public.s3.amazonaws.com/2021/11/19/7c9e00fa-5fe1-4c6f-80ea-75772fe8d49a/ENCFF085GRM.bigWig	3a362b636f53df53fb3cd4ff2d920601
ENCSR114HGS	ENCFF755OQZ	PRO-cap		Homo sapiens K562	EFO:0002067	K562	hematopoietic cell,leukocyte,cancer cell	1	bigWig	minus strand signal of unique reads	reverse	False	https://encode-public.s3.amazonaws.com/2021/11/19/5a6fd427-56df-4f4c-a467-e9637012aba7/ENCFF755OQZ.bigWig	baf91dac5cc684f2178962043870a149
ENCSR114HGS	ENCFF529MUW	PRO-cap		Homo sapiens K562	EFO:0002067	K562	hematopoietic cell,leukocyte,cancer cell	2	bigWig	minus strand signal of unique reads	reverse	False	https://encode-public.s3.amazonaws.com/2021/11/19/10d7f92e-05e2-4d82-8c42-69ad1b304087/ENCFF529MUW.bigWig	1e35f03dab82f21e5d096ad6ea88a6d2
ENCSR114HGS	ENCFF428RUF	PRO-cap		Homo sapiens K562	EFO:0002067	K562	hematopoietic cell,leukocyte,cancer cell	2	bigWig	plus strand signal of unique reads	reverse	False	https://encode-public.s3.amazonaws.com/2021/11/19/4c44ec56-a20f-4501-8d4f-913bcea5976b/ENCFF428RUF.bigWig	249070203db518285ae0c03cd3836946
ENCSR733QST	ENCFF378EYQ	RNA-seq		Homo sapiens K562 treated with 7.5 nM Panobinostat for 24 hours	EFO:0002067	K562	hematopoietic cell,leukocyte,cancer cell	2	bigWig	signal of unique reads	unstranded	False	https://encode-public.s3.amazonaws.com/2021/12/31/9179a448-8faf-4c2f-a727-05bca4cc3ce1/ENCFF378EYQ.bigWig	5dfa56d2873bb64449ae948330ec3c4f
ENCSR733QST	ENCFF817LFV	RNA-seq		Homo sapiens K562 treated with 7.5 nM Panobinostat for 24 hours	EFO:0002067	K562	hematopoietic cell,leukocyte,cancer cell	1	bigWig	signal of unique reads	unstranded	True	https://encode-public.s3.amazonaws.com/2021/12/31/9aa419c4-2bd9-4925-8079-5bcbe3d58d67/ENCFF817LFV.bigWig	fa53c8bcacb008f9d2c57b555adee18a
ENCSR264IXQ	ENCFF583FIC	RNA-seq		Homo sapiens K562 treated with 10 μM AR-42 for 4 hours	EFO:0002067	K562	hematopoietic cell,leukocyte,cancer cell	1	bigWig	signal of unique reads	unstranded	True	https://encode-public.s3.amazonaws.com/2021/12/31/3d129b68-597d-434b-8758-383e2ce2c8ce/ENCFF583FIC.bigWig	ff51eabb72690b5291ccf95afbc0aadd
ENCSR264IXQ	ENCFF064QKP	RNA-seq		Homo sapiens K562 treated with 10 μM AR-42 for 4 hours	EFO:0002067	K562	hematopoietic cell,leukocyte,cancer cell	2	bigWig	signal of unique reads	unstranded	False	https://encode-public.s3.amazonaws.com/2021/12/31/835d4ca0-32fb-42c8-b46f-798bf4021593/ENCFF064QKP.bigWig	e2b68164b28af04512182f74ba1f576a
ENCSR340QZY	ENCFF893RLE	RNA-seq		Homo sapiens K562 treated with 10 μM AR-42 for 12 hours	EFO:0002067	K562	hematopoietic cell,leukocyte,cancer cell	1	bigWig	signal of unique reads	unstranded	False	https://encode-public.s3.amazonaws.com/2021/12/31/ebc41197-13a9-4ddd-9ba6-42743def6345/ENCFF893RLE.bigWig	9f0dfac80c47e06701ae58db4e275cf6
ENCSR340QZY	ENCFF307LYX	RNA-seq		Homo sapiens K562 treated with 10 μM AR-42 for 12 hours	EFO:0002067	K562	hematopoietic cell,leukocyte,cancer cell	2	bigWig	signal of unique reads	unstranded	True	https://encode-public.s3.amazonaws.com/2021/12/31/4e2efc3c-9fd6-4f09-b364-c74d5af99892/ENCFF307LYX.bigWig	dc14f42e09d779e074c87913863ecfbb
ENCSR261KBX	ENCFF253HUA	PRO-cap		Homo sapiens K562	EFO:0002067	K562	hematopoietic cell,leukocyte,cancer cell	1	bigWig	minus strand signal of unique reads	reverse	False	https://encode-public.s3.amazonaws.com/2021/11/19/924b3e71-0d71-4c1d-9565-d1f017ec5f35/ENCFF253HUA.bigWig	4b537fa183a8ba09b1741f2e6237134e
ENCSR261KBX	ENCFF328OOU	PRO-cap		Homo sapiens K562	EFO:0002067	K562	hematopoietic cell,leukocyte,cancer cell	2	bigWig	minus strand signal of unique reads	reverse	False	https://encode-public.s3.amazonaws.com/2021/11/19/eb3887bd-bbe5-4dc2-b2d7-30017f88fec2/ENCFF328OOU.bigWig	169b96a69aa70723ed976fd9c74e2982
ENCSR261KBX	ENCFF994CSC	PRO-cap		Homo sapiens K562	EFO:0002067	K562	hematopoietic cell,leukocyte,cancer cell	1	bigWig	plus strand signal of unique reads	reverse	False	https://encode-public.s3.amazonaws.com/2021/11/19/e12e2f6b-85e1-4919-be5c-5e6aa05f31ba/ENCFF994CSC.bigWig	3c748cdcb7b5f8fcbdecf529cdb04a61
ENCSR261KBX	ENCFF580QEK	PRO-cap		Homo sapiens K562	EFO:0002067	K562	hematopoietic cell,leukocyte,cancer cell	2	bigWig	plus strand signal of unique reads	reverse	False	https://encode-public.s3.amazonaws.com/2021/11/19/ac11b6e8-8594-4941-a79b-25d7d496c426/ENCFF580QEK.bigWig	5b3a073abe77d8cd9ba71c207a56b353
ENCSR604EBH	ENCFF806IHJ	PRO-cap		Homo sapiens K562	EFO:0002067	K562	hematopoietic cell,leukocyte,cancer cell	1	bigWig	minus strand signal of unique reads	reverse	False	https://encode-public.s3.amazonaws.com/2021/11/19/32c52996-99ee-4eda-bf16-6203d0abaf4b/ENCFF806IHJ.bigWig	f99577326287c064298d33f87557a480
ENCSR604EBH	ENCFF461WON	PRO-cap		Homo sapiens K562	EFO:0002067	K562	hematopoietic cell,leukocyte,cancer cell	1	bigWig	minus strand signal of unique reads	reverse	False	https://encode-public.s3.amazonaws.com/2021/11/19/64371790-9995-4760-8887-d3ece6ab93c3/ENCFF461WON.bigWig	39d7f8733566a960d8de50905a6c5f96
ENCSR604EBH	ENCFF538JPG	PRO-cap		Homo sapiens K562	EFO:0002067	K562	hematopoietic cell,leukocyte,cancer cell	2	bigWig	minus strand signal of unique reads	reverse	False	https://encode-public.s3.amazonaws.com/2021/11/19/8b962048-d4e5-4aa9-a967-7bea21d5c682/ENCFF538JPG.bigWig	c2150e0db5c0b3d5fff278a2cc2e72ed
ENCSR604EBH	ENCFF900CHQ	PRO-cap		Homo sapiens K562	EFO:0002067	K562	hematopoietic cell,leukocyte,cancer cell	2	bigWig	minus strand signal of unique reads	reverse	False	https://encode-public.s3.amazonaws.com/2021/11/19/5af83d8f-27e0-4c51-ac90-359708989a2d/ENCFF900CHQ.bigWig	26e2357923ba268f9d2daafe31bd4407
ENCSR604EBH	ENCFF929BQB	PRO-cap		Homo sapiens K562	EFO:0002067	K562	hematopoietic cell,leukocyte,cancer cell	1	bigWig	plus strand signal of unique reads	reverse	False	https://encode-public.s3.amazonaws.com/2021/11/19/cccf037c-8ea0-4aa3-91f3-fd02505c4e39/ENCFF929BQB.bigWig	201061176f9c0fa5c45b4ad5ffe63df8
ENCSR604EBH	ENCFF303RQD	PRO-cap		Homo sapiens K562	EFO:0002067	K562	hematopoietic cell,leukocyte,cancer cell	1	bigWig	plus strand signal of unique reads	reverse	False	https://encode-public.s3.amazonaws.com/2021/11/19/16cd993c-d142-45b8-b6d2-9a58b34cfc03/ENCFF303RQD.bigWig	2f4d2c5f21d1b2aef941c793a821a768
ENCSR604EBH	ENCFF183SSA	PRO-cap		Homo sapiens K562	EFO:0002067	K562	hematopoietic cell,leukocyte,cancer cell	2	bigWig	plus strand signal of unique reads	reverse	False	https://encode-public.s3.amazonaws.com/2021/11/19/28079798-1263-4237-990d-9e70af5d336c/ENCFF183SSA.bigWig	455912b3de678eda0098ed61f03e957b
ENCSR604EBH	ENCFF526DGX	PRO-cap		Homo sapiens K562	EFO:0002067	K562	hematopoietic cell,leukocyte,cancer cell	2	bigWig	plus strand signal of unique reads	reverse	False	https://encode-public.s3.amazonaws.com/2021/11/19/9d8a66d0-36fc-4ee8-b126-599377c58645/ENCFF526DGX.bigWig	f292c73229107ac0ec4bb79a9feeaf0f
ENCSR000CPY	ENCFF576QQW	RNA-seq		Homo sapiens K562 chromatin fraction	EFO:0002067	K562	hematopoietic cell,leukocyte,cancer cell	3	bigWig	minus strand signal of unique reads	reverse	True	https://encode-public.s3.amazonaws.com/2016/07/07/5d7e231f-a102-4e28-9be8-5ded4c8c4adc/ENCFF576QQW.bigWig	931f7f438e4e46442e3bcd7013a4dad2
ENCSR000CPY	ENCFF331DCW	RNA-seq		Homo sapiens K562 chromatin fraction	EFO:0002067	K562	hematopoietic cell,leukocyte,cancer cell	3	bigWig	plus strand signal of unique reads	reverse	True	https://encode-public.s3.amazonaws.com/2016/07/07/52eac21f-9148-48bf-aae9-72cb07d4fe89/ENCFF331DCW.bigWig	955ede0b7c0e7478f4e5c6a481dfb092
ENCSR000CPY	ENCFF258UMC	RNA-seq		Homo sapiens K562 chromatin fraction	EFO:0002067	K562	hematopoietic cell,leukocyte,cancer cell	4	bigWig	minus strand signal of unique reads	reverse	False	https://encode-public.s3.amazonaws.com/2016/07/07/677fae07-9064-4a17-acd2-b6ce99ac0551/ENCFF258UMC.bigWig	a89e9a98e55e710e7d2df5046cdd9274
ENCSR000CPY	ENCFF736SMN	RNA-seq		Homo sapiens K562 chromatin fraction	EFO:0002067	K562	hematopoietic cell,leukocyte,cancer cell	4	bigWig	plus strand signal of unique reads	reverse	False	https://encode-public.s3.amazonaws.com/2016/07/07/43d2ae6f-04b4-4eeb-876a-262572194c9c/ENCFF736SMN.bigWig	f33a4210255c25bc9163b7dff3128aba
ENCSR000CPY	ENCFF532ZPO	RNA-seq		Homo sapiens K562 chromatin fraction	EFO:0002067	K562	hematopoietic cell,leukocyte,cancer cell	4	bigWig	plus strand signal of unique reads	reverse	False	https://encode-public.s3.amazonaws.com/2021/04/05/12aaeaf9-1eb2-40f2-ba55-497643fa1fda/ENCFF532ZPO.bigWig	fdb77842f4b45013db9d0492db7ad917
ENCSR000CPY	ENCFF513ISJ	RNA-seq		Homo sapiens K562 chromatin fraction	EFO:0002067	K562	hematopoietic cell,leukocyte,cancer cell	4	bigWig	minus strand signal of unique reads	reverse	False	https://encode-public.s3.amazonaws.com/2021/04/05/5509492d-0cad-4999-a185-e128ac056fcd/ENCFF513ISJ.bigWig	bb100622a66c11c02fa1087d474a1695
ENCSR000CPY	ENCFF181ZYO	RNA-seq		Homo sapiens K562 chromatin fraction	EFO:0002067	K562	hematopoietic cell,leukocyte,cancer cell	3	bigWig	minus strand signal of unique reads	reverse	True	https://encode-public.s3.amazonaws.com/2021/04/05/8edfbaf8-e004-43d4-ae96-81b2aea8a4d1/ENCFF181ZYO.bigWig	f395a5fc530de6694d31d8de21046550
ENCSR000CPY	ENCFF124AUH	RNA-seq		Homo sapiens K562 chromatin fraction	EFO:0002067	K562	hematopoietic cell,leukocyte,cancer cell	3	bigWig	plus strand signal of unique reads	reverse	True	https://encode-public.s3.amazonaws.com/2021/04/05/56798282-e200-4e79-85e0-5eb513e6d90b/ENCFF124AUH.bigWig	bf6a6ee9a0d31c7d6f05997043f5fc13
ENCSR806HCA	ENCFF466NAU	RNA-seq		Homo sapiens K562 treated with 100 nM GSK J4 for 12 hours	EFO:0002067	K562	hematopoietic cell,leukocyte,cancer cell	1	bigWig	signal of unique reads	unstranded	True	https://encode-public.s3.amazonaws.com/2021/12/31/7f847b0e-2c2c-4763-a501-509f96f7a2ac/ENCFF466NAU.bigWig	0cc1813e089beb4f83cbe45361e9b323
ENCSR806HCA	ENCFF428NFY	RNA-seq		Homo sapiens K562 treated with 100 nM GSK J4 for 12 hours	EFO:0002067	K562	hematopoietic cell,leukocyte,cancer cell	2	bigWig	signal of unique reads	unstranded	False	https://encode-public.s3.amazonaws.com/2021/12/31/e516dd05-2401-45a6-8bfa-5898eb895254/ENCFF428NFY.bigWig	5633b810b2e9f0781e185b2e02c58aee
ENCSR000CIM	ENCFF015IMA	CAGE		Homo sapiens K562 nuclear fraction	EFO:0002067	K562	hematopoietic cell,leukocyte,cancer cell	1	bigWig	plus strand signal of unique reads	forward	False	https://encode-public.s3.amazonaws.com/2016/08/04/a174a818-c328-4c28-bd87-59b817f01001/ENCFF015IMA.bigWig	2e39e4223742fde9a038640269006a9e
ENCSR000CIM	ENCFF070OVZ	CAGE		Homo sapiens K562 nuclear fraction	EFO:0002067	K562	hematopoietic cell,leukocyte,cancer cell	1	bigWig	minus strand signal of unique reads	forward	False	https://encode-public.s3.amazonaws.com/2016/08/04/0553dcab-213f-44a6-9bdb-543cbdfc7221/ENCFF070OVZ.bigWig	5746690d201c28e4704ccacb9cd002f4
ENCSR000CIM	ENCFF956CKG	CAGE		Homo sapiens K562 nuclear fraction	EFO:0002067	K562	hematopoietic cell,leukocyte,cancer cell	2	bigWig	minus strand signal of unique reads	forward	False	https://encode-public.s3.amazonaws.com/2016/08/04/227e341b-105a-46f1-967c-ef216ea1fd30/ENCFF956CKG.bigWig	aa96cfbd4ad1dc89ccffa613eabc34b0
ENCSR000CIM	ENCFF541XEP	CAGE		Homo sapiens K562 nuclear fraction	EFO:0002067	K562	hematopoietic cell,leukocyte,cancer cell	2	bigWig	plus strand signal of unique reads	forward	False	https://encode-public.s3.amazonaws.com/2016/08/04/eb4793aa-84e7-45f2-842d-24a389b836ab/ENCFF541XEP.bigWig	d3641abc11053fb2956130b4c23b42e7
ENCSR000CJN	ENCFF748GUX	CAGE		Homo sapiens K562	EFO:0002067	K562	hematopoietic cell,leukocyte,cancer cell	1	bigWig	minus strand signal of unique reads	forward	False	https://encode-public.s3.amazonaws.com/2016/08/04/f0f2d8b6-819f-4004-ae4b-4d7a12fcc237/ENCFF748GUX.bigWig	c776960cba61978729aaeaf24cc0f3f3
ENCSR000CJN	ENCFF662IFZ	CAGE		Homo sapiens K562	EFO:0002067	K562	hematopoietic cell,leukocyte,cancer cell	1	bigWig	plus strand signal of unique reads	forward	False	https://encode-public.s3.amazonaws.com/2016/08/04/6626f11a-abb7-47be-bd0e-c30b34d18ca9/ENCFF662IFZ.bigWig	90373fa26663bd1bb0052921d9146c1e
ENCSR000CJN	ENCFF584TMK	CAGE		Homo sapiens K562	EFO:0002067	K562	hematopoietic cell,leukocyte,cancer cell	2	bigWig	minus strand signal of unique reads	forward	False	https://encode-public.s3.amazonaws.com/2016/08/04/97bdccca-23a6-4997-bfdd-a304b4a72aa4/ENCFF584TMK.bigWig	8cf96ac5136a19e3df82eaf4a1ec76a9
ENCSR000CJN	ENCFF323CQB	CAGE		Homo sapiens K562	EFO:0002067	K562	hematopoietic cell,leukocyte,cancer cell	2	bigWig	plus strand signal of unique reads	forward	False	https://encode-public.s3.amazonaws.com/2016/08/04/25c15a9d-e1d6-4058-bc98-4dff1e20b9ff/ENCFF323CQB.bigWig	516f15ec54aea94a7d3590ec7d232688
ENCSR000CIL	ENCFF431FOO	CAGE		Homo sapiens K562 cytosolic fraction	EFO:0002067	K562	hematopoietic cell,leukocyte,cancer cell	1	bigWig	minus strand signal of unique reads	forward	False	https://encode-public.s3.amazonaws.com/2016/09/26/c95f2af9-ef72-4411-a938-3a076d8d15e0/ENCFF431FOO.bigWig	3ea47b2ea8ef08987bc1e3af0d02e124
ENCSR000CIL	ENCFF919ZCM	CAGE		Homo sapiens K562 cytosolic fraction	EFO:0002067	K562	hematopoietic cell,leukocyte,cancer cell	1	bigWig	plus strand signal of unique reads	forward	False	https://encode-public.s3.amazonaws.com/2016/09/26/58223043-1f26-4140-8b59-279cab8b1266/ENCFF919ZCM.bigWig	9d1f4c189212ae03815235accb0e001b
ENCSR000CIL	ENCFF277ZCY	CAGE		Homo sapiens K562 cytosolic fraction	EFO:0002067	K562	hematopoietic cell,leukocyte,cancer cell	2	bigWig	minus strand signal of unique reads	forward	False	https://encode-public.s3.amazonaws.com/2016/09/26/38b340d3-0fe1-4329-b3d8-7b88da4e03ef/ENCFF277ZCY.bigWig	29049a109d4236062735802cf38396b3
ENCSR000CIL	ENCFF027NAU	CAGE		Homo sapiens K562 cytosolic fraction	EFO:0002067	K562	hematopoietic cell,leukocyte,cancer cell	2	bigWig	plus strand signal of unique reads	forward	False	https://encode-public.s3.amazonaws.com/2016/09/26/d5cc3577-4689-4b4b-a77c-353456515c9c/ENCFF027NAU.bigWig	0c2126839132358505b0dbfb20582361
ENCSR000AER	ENCFF518WII	RAMPAGE		Homo sapiens K562	EFO:0002067	K562	hematopoietic cell,leukocyte,cancer cell	1	bigWig	minus strand signal of unique reads	forward	False	https://encode-public.s3.amazonaws.com/2016/02/04/9b70195e-1cae-4941-9b31-0da88bac1383/ENCFF518WII.bigWig	e6c11048c9ec4e93b31d0dedf36c10cf
ENCSR000AER	ENCFF663DTD	RAMPAGE		Homo sapiens K562	EFO:0002067	K562	hematopoietic cell,leukocyte,cancer cell	2	bigWig	plus strand signal of unique reads	forward	False	https://encode-public.s3.amazonaws.com/2016/02/04/cb42e3d9-196d-4b96-84ac-24756173f36b/ENCFF663DTD.bigWig	c9dfdeacf408d0645f2f404c6374cd10
ENCSR000AER	ENCFF783EAC	RAMPAGE		Homo sapiens K562	EFO:0002067	K562	hematopoietic cell,leukocyte,cancer cell	1	bigWig	plus strand signal of unique reads	forward	False	https://encode-public.s3.amazonaws.com/2016/02/04/4106a54d-18a7-4ae9-a21e-56799beabd55/ENCFF783EAC.bigWig	0472332bf14b0818325e8104c3b08049
ENCSR000AER	ENCFF809GTW	RAMPAGE		Homo sapiens K562	EFO:0002067	K562	hematopoietic cell,leukocyte,cancer cell	2	bigWig	minus strand signal of unique reads	forward	False	https://encode-public.s3.amazonaws.com/2016/02/04/84463d2b-5f60-47bc-84b5-0baaed614b2d/ENCFF809GTW.bigWig	f5c4b85e87d684b2bda97b9983d33df9
ENCSR114LNC	ENCFF385SAC	RNA-seq		Homo sapiens K562 treated with 7.5 nM Vorinostat for 4 hours	EFO:0002067	K562	hematopoietic cell,leukocyte,cancer cell	1	bigWig	signal of unique reads	unstranded	True	https://encode-public.s3.amazonaws.com/2021/12/31/e88015c4-2054-49f5-b841-47bde04036ef/ENCFF385SAC.bigWig	5435025150be44c34aca64fea9e53cca
ENCSR114LNC	ENCFF754ITO	RNA-seq		Homo sapiens K562 treated with 7.5 nM Vorinostat for 4 hours	EFO:0002067	K562	hematopoietic cell,leukocyte,cancer cell	2	bigWig	signal of unique reads	unstranded	False	https://encode-public.s3.amazonaws.com/2021/12/31/04610d41-8f12-4be4-8ffc-9f6eb605be43/ENCFF754ITO.bigWig	dc100bff37cd54cfa3efeb7781271b0c
ENCSR810ZKJ	ENCFF347OLB	RNA-seq		Homo sapiens K562 treated with 5 μM JQ1 for 24 hours	EFO:0002067	K562	hematopoietic cell,leukocyte,cancer cell	1	bigWig	signal of unique reads	unstranded	False	https://encode-public.s3.amazonaws.com/2021/12/31/97d28c39-4f21-4b03-8afd-6089d76fa134/ENCFF347OLB.bigWig	2eca72ac68fece3d75c587b1353e78c3
ENCSR810ZKJ	ENCFF303DAP	RNA-seq		Homo sapiens K562 treated with 5 μM JQ1 for 24 hours	EFO:0002067	K562	hematopoietic cell,leukocyte,cancer cell	2	bigWig	signal of unique reads	unstranded	True	https://encode-public.s3.amazonaws.com/2021/12/31/447c8a73-0319-4488-b6b4-56cbde9ef90d/ENCFF303DAP.bigWig	470c271acbda8141af5e026c054fc91a
ENCSR844RSF	ENCFF685VLN	RNA-seq		Homo sapiens K562 treated with 7.5 nM Vorinostat for 24 hours	EFO:0002067	K562	hematopoietic cell,leukocyte,cancer cell	1	bigWig	signal of unique reads	unstranded	True	https://encode-public.s3.amazonaws.com/2021/12/31/43b5635d-118b-4d98-b723-19a3e9b7a926/ENCFF685VLN.bigWig	5651b166ffa4ae660e1014f220711d8a
ENCSR844RSF	ENCFF803ZDB	RNA-seq		Homo sapiens K562 treated with 7.5 nM Vorinostat for 24 hours	EFO:0002067	K562	hematopoietic cell,leukocyte,cancer cell	2	bigWig	signal of unique reads	unstranded	False	https://encode-public.s3.amazonaws.com/2021/12/31/9c8d4835-d06c-4482-abce-800c4dbfaa58/ENCFF803ZDB.bigWig	397994b3687af4b28d441f0a4a4d5ba7
ENCSR165EQJ	ENCFF835CQI	RNA-seq		Homo sapiens K562 treated with 5 μM MB-3 for 4 hours	EFO:0002067	K562	hematopoietic cell,leukocyte,cancer cell	2	bigWig	signal of unique reads	unstranded	True	https://encode-public.s3.amazonaws.com/2021/12/31/7225f8db-d88a-424a-a03c-5d28370b0cf4/ENCFF835CQI.bigWig	79e1fa65b6f3a60053e3494e6ce4b0f5
ENCSR165EQJ	ENCFF179DDD	RNA-seq		Homo sapiens K562 treated with 5 μM MB-3 for 4 hours	EFO:0002067	K562	hematopoietic cell,leukocyte,cancer cell	1	bigWig	signal of unique reads	unstranded	False	https://encode-public.s3.amazonaws.com/2021/12/31/b5497bb3-d9aa-4d69-b109-abac9347327d/ENCFF179DDD.bigWig	715671b7498bea853339559d348c81c3
ENCSR195JRH	ENCFF574YPE	RNA-seq		Homo sapiens K562 treated with 5 μM JQ1 for 12 hours	EFO:0002067	K562	hematopoietic cell,leukocyte,cancer cell	1	bigWig	signal of unique reads	unstranded	True	https://encode-public.s3.amazonaws.com/2021/12/31/fa4cb211-9047-4618-a82a-14bdb8d2ead6/ENCFF574YPE.bigWig	6a87fd1ad5cd59eeabad91f0c6b97865
ENCSR195JRH	ENCFF740AKA	RNA-seq		Homo sapiens K562 treated with 5 μM JQ1 for 12 hours	EFO:0002067	K562	hematopoietic cell,leukocyte,cancer cell	2	bigWig	signal of unique reads	unstranded	False	https://encode-public.s3.amazonaws.com/2021/12/31/d0fa77d8-324b-4874-b274-4a6093e4d119/ENCFF740AKA.bigWig	d7428accfa55e56dc3fc756c9071164d
ENCSR040YBR	ENCFF839FCB	RNA-seq		Homo sapiens K562 nuclear fraction	EFO:0002067	K562	hematopoietic cell,leukocyte,cancer cell	1	bigWig	plus strand signal of unique reads	reverse	False	https://encode-public.s3.amazonaws.com/2016/02/19/fbc9f70a-bff5-45b1-a2e1-e72924dcbc78/ENCFF839FCB.bigWig	5ef4cfc961353c8281834136165d439d
ENCSR040YBR	ENCFF909SHV	RNA-seq		Homo sapiens K562 nuclear fraction	EFO:0002067	K562	hematopoietic cell,leukocyte,cancer cell	1	bigWig	minus strand signal of unique reads	reverse	False	https://encode-public.s3.amazonaws.com/2016/02/19/2933c2ba-72fe-47e0-99f6-28957f8730f6/ENCFF909SHV.bigWig	035d6682341765f95f08c9a844377362
ENCSR040YBR	ENCFF885ATE	RNA-seq		Homo sapiens K562 nuclear fraction	EFO:0002067	K562	hematopoietic cell,leukocyte,cancer cell	2	bigWig	minus strand signal of unique reads	reverse	True	https://encode-public.s3.amazonaws.com/2016/02/19/5acc35f1-a29b-426f-ad2b-efe532cda807/ENCFF885ATE.bigWig	54eb09b4575b0042e9cee9b240ac7db0
ENCSR040YBR	ENCFF722YSW	RNA-seq		Homo sapiens K562 nuclear fraction	EFO:0002067	K562	hematopoietic cell,leukocyte,cancer cell	2	bigWig	plus strand signal of unique reads	reverse	True	https://encode-public.s3.amazonaws.com/2016/02/19/0fe953fb-7c92-4b73-8e28-be08c979bd54/ENCFF722YSW.bigWig	6f8f6ba77039e454140dfad74e7f630a
ENCSR040YBR	ENCFF191OGW	RNA-seq		Homo sapiens K562 nuclear fraction	EFO:0002067	K562	hematopoietic cell,leukocyte,cancer cell	2	bigWig	plus strand signal of unique reads	reverse	True	https://encode-public.s3.amazonaws.com/2021/04/17/1b8582df-84e2-4e48-9b22-1786a70f5296/ENCFF191OGW.bigWig	db1f77d9242a1d70c5b04fd6567aaa24
ENCSR040YBR	ENCFF444LLL	RNA-seq		Homo sapiens K562 nuclear fraction	EFO:0002067	K562	hematopoietic cell,leukocyte,cancer cell	1	bigWig	plus strand signal of unique reads	reverse	False	https://encode-public.s3.amazonaws.com/2021/04/17/45bca72c-ff47-4f56-83a4-20e35589ebb8/ENCFF444LLL.bigWig	2089b5fca11843bb0ab75439b6c937d2
ENCSR040YBR	ENCFF416XTL	RNA-seq		Homo sapiens K562 nuclear fraction	EFO:0002067	K562	hematopoietic cell,leukocyte,cancer cell	1	bigWig	minus strand signal of unique reads	reverse	False	https://encode-public.s3.amazonaws.com/2021/04/17/a278591e-6967-46c7-805f-b7a95aa0249e/ENCFF416XTL.bigWig	e61478a2d854c37cfb4dab13b38dc752
ENCSR040YBR	ENCFF414HIB	RNA-seq		Homo sapiens K562 nuclear fraction	EFO:0002067	K562	hematopoietic cell,leukocyte,cancer cell	2	bigWig	minus strand signal of unique reads	reverse	True	https://encode-public.s3.amazonaws.com/2021/04/17/25467dc5-9550-48bb-a6fe-f05d741547f1/ENCFF414HIB.bigWig	df597103a86565b4c94c778c374bb708
ENCSR563ZWI	ENCFF130RGZ	RNA-seq		Homo sapiens K562 treated with 10 nM Bortezomib for 4 hours	EFO:0002067	K562	hematopoietic cell,leukocyte,cancer cell	2	bigWig	signal of unique reads	unstranded	False	https://encode-public.s3.amazonaws.com/2021/12/31/f63907ad-289d-4b38-9fc2-ccdc9489e72c/ENCFF130RGZ.bigWig	e962a4e89a20d7321b8e5389454145ec
ENCSR563ZWI	ENCFF047ADC	RNA-seq		Homo sapiens K562 treated with 10 nM Bortezomib for 4 hours	EFO:0002067	K562	hematopoietic cell,leukocyte,cancer cell	1	bigWig	signal of unique reads	unstranded	True	https://encode-public.s3.amazonaws.com/2021/12/31/9a7426de-1de4-4906-97b0-d2cfc777ac13/ENCFF047ADC.bigWig	cae5657934f62b3e96fcdf625f6a5f10
ENCSR672NDZ	ENCFF257AXK	RNA-seq		Homo sapiens K562 treated with 10 nM Chaetocin for 12 hours	EFO:0002067	K562	hematopoietic cell,leukocyte,cancer cell	2	bigWig	signal of unique reads	unstranded	False	https://encode-public.s3.amazonaws.com/2021/12/31/34cdb496-5988-42ba-a5f3-f2af205dcf59/ENCFF257AXK.bigWig	cd1245e2d5d2ca90a1946c9f54382197
ENCSR672NDZ	ENCFF940DUI	RNA-seq		Homo sapiens K562 treated with 10 nM Chaetocin for 12 hours	EFO:0002067	K562	hematopoietic cell,leukocyte,cancer cell	1	bigWig	signal of unique reads	unstranded	True	https://encode-public.s3.amazonaws.com/2021/12/31/d4801455-2f9c-4bcf-b67a-621bec5b5da9/ENCFF940DUI.bigWig	9223a704e4e677edb34fdd974a451498
ENCSR165GPK	ENCFF024USS	RNA-seq		Homo sapiens K562 treated with 10 μM AR-42 for 48 hours	EFO:0002067	K562	hematopoietic cell,leukocyte,cancer cell	1	bigWig	signal of unique reads	unstranded	False	https://encode-public.s3.amazonaws.com/2021/12/31/25eee639-7afe-4369-bfb6-0bf61f6e9c50/ENCFF024USS.bigWig	08ac0a9fd58dd3dcfdb2ed18aefacef4
ENCSR165GPK	ENCFF437FQP	RNA-seq		Homo sapiens K562 treated with 10 μM AR-42 for 48 hours	EFO:0002067	K562	hematopoietic cell,leukocyte,cancer cell	2	bigWig	signal of unique reads	unstranded	True	https://encode-public.s3.amazonaws.com/2021/12/31/2b204e90-0f2d-499e-8eb6-658aef10d0b8/ENCFF437FQP.bigWig	5af6f50cd29edd41d0c3310f559ae832
ENCSR885DVH	ENCFF667CZO	RNA-seq		Homo sapiens K562	EFO:0002067	K562	hematopoietic cell,leukocyte,cancer cell	1	bigWig	minus strand signal of unique reads	reverse	False	https://encode-public.s3.amazonaws.com/2016/02/19/5479ba01-4932-4a46-9fb4-0bde3f066e8e/ENCFF667CZO.bigWig	57cf1a18179935848cb4eaf6b9c61461
ENCSR885DVH	ENCFF193KOK	RNA-seq		Homo sapiens K562	EFO:0002067	K562	hematopoietic cell,leukocyte,cancer cell	1	bigWig	plus strand signal of unique reads	reverse	False	https://encode-public.s3.amazonaws.com/2016/02/19/cb0a109e-6953-40b7-8cea-bb898badd304/ENCFF193KOK.bigWig	c4161fdb9697b4a9738091b28e1b6a51
ENCSR885DVH	ENCFF340HUN	RNA-seq		Homo sapiens K562	EFO:0002067	K562	hematopoietic cell,leukocyte,cancer cell	2	bigWig	plus strand signal of unique reads	reverse	True	https://encode-public.s3.amazonaws.com/2016/02/19/18e9d72b-7e13-4136-85b0-955b5db4edd7/ENCFF340HUN.bigWig	7a49497782b630769ec440a8f3c3da3f
ENCSR885DVH	ENCFF918QTY	RNA-seq		Homo sapiens K562	EFO:0002067	K562	hematopoietic cell,leukocyte,cancer cell	2	bigWig	minus strand signal of unique reads	reverse	True	https://encode-public.s3.amazonaws.com/2016/02/19/1645be60-4efb-447e-bf07-16aa4096c397/ENCFF918QTY.bigWig	4d030b5ae76df91bdddbd10bce82714d
ENCSR885DVH	ENCFF341QYY	RNA-seq		Homo sapiens K562	EFO:0002067	K562	hematopoietic cell,leukocyte,cancer cell	2	bigWig	minus strand signal of unique reads	reverse	True	https://encode-public.s3.amazonaws.com/2021/04/08/df51a1ef-ea95-4b84-aacd-e0cb94908bd6/ENCFF341QYY.bigWig	f7ae6de29ac0dc27cae6cd0909b2609e
ENCSR885DVH	ENCFF278EZT	RNA-seq		Homo sapiens K562	EFO:0002067	K562	hematopoietic cell,leukocyte,cancer cell	1	bigWig	plus strand signal of unique reads	reverse	False	https://encode-public.s3.amazonaws.com/2021/04/08/c20ca41e-3965-4bf8-9d08-f906d0280f96/ENCFF278EZT.bigWig	cf41f16b7b8529b1fb958b8f42b18c1f
ENCSR885DVH	ENCFF956FYK	RNA-seq		Homo sapiens K562	EFO:0002067	K562	hematopoietic cell,leukocyte,cancer cell	1	bigWig	minus strand signal of unique reads	reverse	False	https://encode-public.s3.amazonaws.com/2021/04/08/1373f01b-7ea4-4776-b2f3-e2139765b493/ENCFF956FYK.bigWig	39732ea933290b5208d91a8893f3629b
ENCSR885DVH	ENCFF927KXV	RNA-seq		Homo sapiens K562	EFO:0002067	K562	hematopoietic cell,leukocyte,cancer cell	2	bigWig	plus strand signal of unique reads	reverse	True	https://encode-public.s3.amazonaws.com/2021/04/08/57bc2437-0aea-485a-a05c-1788b1c02656/ENCFF927KXV.bigWig	1ee6aa386baafe9df86d94497e23d359
ENCSR000CQA	ENCFF087TEB	RNA-seq		Homo sapiens K562 nucleoplasmic fraction	EFO:0002067	K562	hematopoietic cell,leukocyte,cancer cell	3	bigWig	minus strand signal of unique reads	reverse	False	https://encode-public.s3.amazonaws.com/2016/07/07/b40687df-f872-4241-9deb-93c932ecaef0/ENCFF087TEB.bigWig	0fe761dd537eb3bad815b213c31d60fe
ENCSR000CQA	ENCFF397EHE	RNA-seq		Homo sapiens K562 nucleoplasmic fraction	EFO:0002067	K562	hematopoietic cell,leukocyte,cancer cell	3	bigWig	plus strand signal of unique reads	reverse	False	https://encode-public.s3.amazonaws.com/2016/07/07/f8c03ea2-69f7-43e1-998e-5a382c26fcdd/ENCFF397EHE.bigWig	00f0cd2f4d415913c031034465fa8080
ENCSR000CQA	ENCFF675FHF	RNA-seq		Homo sapiens K562 nucleoplasmic fraction	EFO:0002067	K562	hematopoietic cell,leukocyte,cancer cell	4	bigWig	plus strand signal of unique reads	reverse	True	https://encode-public.s3.amazonaws.com/2016/07/07/2359114e-a58e-43cf-806f-6c2099879b9e/ENCFF675FHF.bigWig	29f2b2a63d34637110c274d8240cdb8f
ENCSR000CQA	ENCFF643ZFN	RNA-seq		Homo sapiens K562 nucleoplasmic fraction	EFO:0002067	K562	hematopoietic cell,leukocyte,cancer cell	4	bigWig	minus strand signal of unique reads	reverse	True	https://encode-public.s3.amazonaws.com/2016/07/07/4a7dcdd5-f1c2-4c20-b999-e0a8c6ed23bd/ENCFF643ZFN.bigWig	130242b2096aabb25e1bb4b8df8079d1
ENCSR000CQA	ENCFF201PQN	RNA-seq		Homo sapiens K562 nucleoplasmic fraction	EFO:0002067	K562	hematopoietic cell,leukocyte,cancer cell	4	bigWig	minus strand signal of unique reads	reverse	True	https://encode-public.s3.amazonaws.com/2021/04/05/4e8a46dd-6d4a-411d-bfd6-466b6df0e864/ENCFF201PQN.bigWig	937252bf7994785f9a122bc5186c3fff
ENCSR000CQA	ENCFF768BRS	RNA-seq		Homo sapiens K562 nucleoplasmic fraction	EFO:0002067	K562	hematopoietic cell,leukocyte,cancer cell	4	bigWig	plus strand signal of unique reads	reverse	True	https://encode-public.s3.amazonaws.com/2021/04/05/4307a5e7-3c86-4302-8997-732ac594b3f7/ENCFF768BRS.bigWig	4f5435a7b152a933a8a98dc30140c9b6
ENCSR000CQA	ENCFF246QLC	RNA-seq		Homo sapiens K562 nucleoplasmic fraction	EFO:0002067	K562	hematopoietic cell,leukocyte,cancer cell	3	bigWig	plus strand signal of unique reads	reverse	False	https://encode-public.s3.amazonaws.com/2021/04/05/0ce3d461-0ff2-4c20-9d2a-199bfc20d4f1/ENCFF246QLC.bigWig	341475493bca8abed1fe14f4ea341d51
ENCSR000CQA	ENCFF322UGE	RNA-seq		Homo sapiens K562 nucleoplasmic fraction	EFO:0002067	K562	hematopoietic cell,leukocyte,cancer cell	3	bigWig	minus strand signal of unique reads	reverse	False	https://encode-public.s3.amazonaws.com/2021/04/05/cefa3c09-0638-450c-bcf5-4b987cadf587/ENCFF322UGE.bigWig	e9b17b50ef7c83a6a8f7bbe5f14dadf8
ENCSR860DWK	ENCFF961BWM	RNA-seq		Homo sapiens K562 cytosolic fraction	EFO:0002067	K562	hematopoietic cell,leukocyte,cancer cell	1	bigWig	minus strand signal of unique reads	reverse	False	https://encode-public.s3.amazonaws.com/2016/02/19/7b81baa3-81c2-45d0-aeb0-e656478caea6/ENCFF961BWM.bigWig	ca2614865d23f32615d0697d79a7df23
ENCSR860DWK	ENCFF941CPB	RNA-seq		Homo sapiens K562 cytosolic fraction	EFO:0002067	K562	hematopoietic cell,leukocyte,cancer cell	1	bigWig	plus strand signal of unique reads	reverse	False	https://encode-public.s3.amazonaws.com/2016/02/19/ed1f981a-f951-42df-84a4-6163133a043b/ENCFF941CPB.bigWig	deff6ec3f104be94f709d36e0dd22e07
ENCSR860DWK	ENCFF730CUZ	RNA-seq		Homo sapiens K562 cytosolic fraction	EFO:0002067	K562	hematopoietic cell,leukocyte,cancer cell	2	bigWig	minus strand signal of unique reads	reverse	True	https://encode-public.s3.amazonaws.com/2016/02/19/8703c8b5-d6ff-4444-927c-f430ef5b7d2f/ENCFF730CUZ.bigWig	dea1f19ee2d54654f39dcf42571a0b7d
ENCSR860DWK	ENCFF936ICK	RNA-seq		Homo sapiens K562 cytosolic fraction	EFO:0002067	K562	hematopoietic cell,leukocyte,cancer cell	2	bigWig	plus strand signal of unique reads	reverse	True	https://encode-public.s3.amazonaws.com/2016/02/19/1a180cdf-8ebe-4cea-aaaa-bb8e62310023/ENCFF936ICK.bigWig	6c7e34ad7d0ef684cc8c276be809e1f7
ENCSR860DWK	ENCFF022WGL	RNA-seq		Homo sapiens K562 cytosolic fraction	EFO:0002067	K562	hematopoietic cell,leukocyte,cancer cell	2	bigWig	plus strand signal of unique reads	reverse	True	https://encode-public.s3.amazonaws.com/2021/04/08/1cbca6a4-8738-4036-ae6d-9efab8e398f1/ENCFF022WGL.bigWig	824deae7bc50dcefcab4ef69252aa6e6
ENCSR860DWK	ENCFF837YDW	RNA-seq		Homo sapiens K562 cytosolic fraction	EFO:0002067	K562	hematopoietic cell,leukocyte,cancer cell	1	bigWig	plus strand signal of unique reads	reverse	False	https://encode-public.s3.amazonaws.com/2021/04/08/0e52966e-e245-41bc-aec6-a105c6295e54/ENCFF837YDW.bigWig	b02c0c550780890e9a4f309648eb9750
ENCSR860DWK	ENCFF039BDG	RNA-seq		Homo sapiens K562 cytosolic fraction	EFO:0002067	K562	hematopoietic cell,leukocyte,cancer cell	1	bigWig	minus strand signal of unique reads	reverse	False	https://encode-public.s3.amazonaws.com/2021/04/08/cfc480f5-e81a-41f7-8f7b-5009971d8f02/ENCFF039BDG.bigWig	635478ac3ca0909a5240bc1bd562f18f
ENCSR860DWK	ENCFF607ESY	RNA-seq		Homo sapiens K562 cytosolic fraction	EFO:0002067	K562	hematopoietic cell,leukocyte,cancer cell	2	bigWig	minus strand signal of unique reads	reverse	True	https://encode-public.s3.amazonaws.com/2021/04/08/33db87cc-20d8-4c44-aae1-93fcf0c102c7/ENCFF607ESY.bigWig	9f193347ea739acf4fbebbfeaeb4aebc
ENCSR696YIB	ENCFF466TQV	RNA-seq		Homo sapiens K562 insoluble cytoplasmic fraction	EFO:0002067	K562	hematopoietic cell,leukocyte,cancer cell	1	bigWig	minus strand signal of unique reads	reverse	False	https://encode-public.s3.amazonaws.com/2016/02/19/86d9810b-af56-48ba-8ece-b2a8d9e4501e/ENCFF466TQV.bigWig	a96f5c9f97e05c37abbc3c4c682494df
ENCSR696YIB	ENCFF875JZN	RNA-seq		Homo sapiens K562 insoluble cytoplasmic fraction	EFO:0002067	K562	hematopoietic cell,leukocyte,cancer cell	1	bigWig	plus strand signal of unique reads	reverse	False	https://encode-public.s3.amazonaws.com/2016/02/19/05858bc2-f315-482c-863b-17d422da89d0/ENCFF875JZN.bigWig	7dd966191f433e8eb5484d10e135fe74
ENCSR696YIB	ENCFF346USI	RNA-seq		Homo sapiens K562 insoluble cytoplasmic fraction	EFO:0002067	K562	hematopoietic cell,leukocyte,cancer cell	2	bigWig	minus strand signal of unique reads	reverse	True	https://encode-public.s3.amazonaws.com/2016/02/19/09c354fa-1371-4fae-8df2-eb5229185066/ENCFF346USI.bigWig	0f6cbf9b186f7ba6f3d5befee710a6b6
ENCSR696YIB	ENCFF936PPC	RNA-seq		Homo sapiens K562 insoluble cytoplasmic fraction	EFO:0002067	K562	hematopoietic cell,leukocyte,cancer cell	2	bigWig	plus strand signal of unique reads	reverse	True	https://encode-public.s3.amazonaws.com/2016/02/19/cae1882c-bb25-4298-a8dd-3102a361a959/ENCFF936PPC.bigWig	aebb96f554fb6b98ca440d6a7e103401
ENCSR696YIB	ENCFF837OTN	RNA-seq		Homo sapiens K562 insoluble cytoplasmic fraction	EFO:0002067	K562	hematopoietic cell,leukocyte,cancer cell	1	bigWig	minus strand signal of unique reads	reverse	False	https://encode-public.s3.amazonaws.com/2021/04/17/86825495-e1f7-4a9d-b0ae-cef7fed2016c/ENCFF837OTN.bigWig	565c0e08df93cddefed447854718167e
ENCSR696YIB	ENCFF238RKO	RNA-seq		Homo sapiens K562 insoluble cytoplasmic fraction	EFO:0002067	K562	hematopoietic cell,leukocyte,cancer cell	2	bigWig	minus strand signal of unique reads	reverse	True	https://encode-public.s3.amazonaws.com/2021/04/17/54da3bb4-d14c-4bdb-b3ab-484eaeb3e9f5/ENCFF238RKO.bigWig	4c745077cc97bd7552ed7311c495de12
ENCSR696YIB	ENCFF221JZR	RNA-seq		Homo sapiens K562 insoluble cytoplasmic fraction	EFO:0002067	K562	hematopoietic cell,leukocyte,cancer cell	1	bigWig	plus strand signal of unique reads	reverse	False	https://encode-public.s3.amazonaws.com/2021/04/17/e791c3ca-c935-4f1a-9256-b2cc82c1110f/ENCFF221JZR.bigWig	25aefdd14b427a498299bc6a45a17b79
ENCSR696YIB	ENCFF364NDB	RNA-seq		Homo sapiens K562 insoluble cytoplasmic fraction	EFO:0002067	K562	hematopoietic cell,leukocyte,cancer cell	2	bigWig	plus strand signal of unique reads	reverse	True	https://encode-public.s3.amazonaws.com/2021/04/17/77eae333-5d65-4503-b512-242c9965dd00/ENCFF364NDB.bigWig	b3ec3bd61cdac0798f80ffce3761f2fc
ENCSR038WEK	ENCFF482GSZ	RNA-seq		Homo sapiens K562 membrane fraction	EFO:0002067	K562	hematopoietic cell,leukocyte,cancer cell	1	bigWig	minus strand signal of unique reads	reverse	False	https://encode-public.s3.amazonaws.com/2016/02/19/6a8d6cc8-97f3-4f24-819f-7845ffbaf294/ENCFF482GSZ.bigWig	86d6acba59f1dc491b0dc53abd7834ca
ENCSR038WEK	ENCFF270SYG	RNA-seq		Homo sapiens K562 membrane fraction	EFO:0002067	K562	hematopoietic cell,leukocyte,cancer cell	1	bigWig	plus strand signal of unique reads	reverse	False	https://encode-public.s3.amazonaws.com/2016/02/19/a85d3880-5a1c-4ae4-a28d-feaf2524779f/ENCFF270SYG.bigWig	91d1766a84e39549e9efb4e37ee24f43
ENCSR038WEK	ENCFF705SVW	RNA-seq		Homo sapiens K562 membrane fraction	EFO:0002067	K562	hematopoietic cell,leukocyte,cancer cell	2	bigWig	minus strand signal of unique reads	reverse	True	https://encode-public.s3.amazonaws.com/2016/02/19/e6cbcb41-80d8-4b39-a30f-fbcbd9d5c836/ENCFF705SVW.bigWig	f7fb464b8880ff62c8265252ff72b632
ENCSR038WEK	ENCFF339MKA	RNA-seq		Homo sapiens K562 membrane fraction	EFO:0002067	K562	hematopoietic cell,leukocyte,cancer cell	2	bigWig	plus strand signal of unique reads	reverse	True	https://encode-public.s3.amazonaws.com/2016/02/19/d684a01e-206f-4ed1-a1cd-93d7b42a3782/ENCFF339MKA.bigWig	c34657311018b861090e7100d6d93a51
ENCSR038WEK	ENCFF145JTR	RNA-seq		Homo sapiens K562 membrane fraction	EFO:0002067	K562	hematopoietic cell,leukocyte,cancer cell	2	bigWig	minus strand signal of unique reads	reverse	True	https://encode-public.s3.amazonaws.com/2021/04/17/3b137c8d-7d4c-47fd-8ba9-eaf5cea30b0a/ENCFF145JTR.bigWig	8a7ef34fda7d666e70fa03215ca066ef
ENCSR038WEK	ENCFF567DZZ	RNA-seq		Homo sapiens K562 membrane fraction	EFO:0002067	K562	hematopoietic cell,leukocyte,cancer cell	2	bigWig	plus strand signal of unique reads	reverse	True	https://encode-public.s3.amazonaws.com/2021/04/17/18edb188-1bb1-49ad-8fcd-352a35953b7c/ENCFF567DZZ.bigWig	6fd3a5acb26d50e84f6e01f7c170fe12
ENCSR038WEK	ENCFF754FUX	RNA-seq		Homo sapiens K562 membrane fraction	EFO:0002067	K562	hematopoietic cell,leukocyte,cancer cell	1	bigWig	minus strand signal of unique reads	reverse	False	https://encode-public.s3.amazonaws.com/2021/04/17/44f2c499-de1a-40b4-95b3-f05dfb93a399/ENCFF754FUX.bigWig	52f3a59938c4a20b55e448b0b7bd03ea
ENCSR038WEK	ENCFF933QBC	RNA-seq		Homo sapiens K562 membrane fraction	EFO:0002067	K562	hematopoietic cell,leukocyte,cancer cell	1	bigWig	plus strand signal of unique reads	reverse	False	https://encode-public.s3.amazonaws.com/2021/04/17/e2ed7499-292f-44c1-8a8c-15d4139c365b/ENCFF933QBC.bigWig	3b69f9a6283b0c9ed67dfb8fd6ce93ad
ENCSR015SAT	ENCFF206AGZ	RNA-seq		Homo sapiens K562 treated with 10 μM Crizotinib for 48 hours	EFO:0002067	K562	hematopoietic cell,leukocyte,cancer cell	1	bigWig	signal of unique reads	unstranded	False	https://encode-public.s3.amazonaws.com/2021/12/31/e6676e5d-ed23-4ded-910c-091250076db7/ENCFF206AGZ.bigWig	6c3a88a63447625f2df5f5677808ab80
ENCSR015SAT	ENCFF076WVK	RNA-seq		Homo sapiens K562 treated with 10 μM Crizotinib for 48 hours	EFO:0002067	K562	hematopoietic cell,leukocyte,cancer cell	2	bigWig	signal of unique reads	unstranded	True	https://encode-public.s3.amazonaws.com/2021/12/31/ccd662fd-5669-4e39-9146-4c2d67199c14/ENCFF076WVK.bigWig	c36aced7698bc0c811626ff9d06e4c80
ENCSR000AEL	ENCFF889VBX	RNA-seq		Homo sapiens K562	EFO:0002067	K562	hematopoietic cell,leukocyte,cancer cell	1	bigWig	minus strand signal of unique reads	reverse	False	https://encode-public.s3.amazonaws.com/2016/02/04/44b2808f-5648-4bec-a411-d1fab746e6be/ENCFF889VBX.bigWig	4ab7d301d5d9f3a9215f099f178aeb36
ENCSR000AEL	ENCFF710RYW	RNA-seq		Homo sapiens K562	EFO:0002067	K562	hematopoietic cell,leukocyte,cancer cell	2	bigWig	plus strand signal of unique reads	reverse	True	https://encode-public.s3.amazonaws.com/2016/02/04/22add532-cda3-4dfa-b530-f41a5d256d5e/ENCFF710RYW.bigWig	aae048df1606d832fcf35c256efd9c39
ENCSR000AEL	ENCFF886IDW	RNA-seq		Homo sapiens K562	EFO:0002067	K562	hematopoietic cell,leukocyte,cancer cell	2	bigWig	minus strand signal of unique reads	reverse	True	https://encode-public.s3.amazonaws.com/2016/02/04/e3187348-3fb6-4c73-80cd-427f76756908/ENCFF886IDW.bigWig	634f637e974c2e1a8b7d21f702ba37fd
ENCSR000AEL	ENCFF440DXU	RNA-seq		Homo sapiens K562	EFO:0002067	K562	hematopoietic cell,leukocyte,cancer cell	1	bigWig	plus strand signal of unique reads	reverse	False	https://encode-public.s3.amazonaws.com/2016/02/04/b8cb1300-c055-4f58-a672-3ca030cf3078/ENCFF440DXU.bigWig	e7d803a59d954cb44ad54ff7d2aaebb0
ENCSR000AEL	ENCFF257NOL	RNA-seq		Homo sapiens K562	EFO:0002067	K562	hematopoietic cell,leukocyte,cancer cell	2	bigWig	minus strand signal of unique reads	reverse	True	https://encode-public.s3.amazonaws.com/2021/04/06/273f9452-0d2e-45aa-8190-000decf9f91f/ENCFF257NOL.bigWig	c93bfcc5a188868f6039df94c903aea7
ENCSR000AEL	ENCFF335LVS	RNA-seq		Homo sapiens K562	EFO:0002067	K562	hematopoietic cell,leukocyte,cancer cell	2	bigWig	plus strand signal of unique reads	reverse	True	https://encode-public.s3.amazonaws.com/2021/04/06/d18c484f-9768-43e6-be4c-f1578810ba79/ENCFF335LVS.bigWig	4ad15dba4df8dab72ce67ffe177fa7af
ENCSR000AEL	ENCFF980ZHM	RNA-seq		Homo sapiens K562	EFO:0002067	K562	hematopoietic cell,leukocyte,cancer cell	1	bigWig	plus strand signal of unique reads	reverse	False	https://encode-public.s3.amazonaws.com/2021/04/06/7ddc756e-080c-449c-9f3d-854e7655fadb/ENCFF980ZHM.bigWig	d6f42af7fd77d9b69cd66fc56eedd078
ENCSR000AEL	ENCFF533LJF	RNA-seq		Homo sapiens K562	EFO:0002067	K562	hematopoietic cell,leukocyte,cancer cell	1	bigWig	minus strand signal of unique reads	reverse	False	https://encode-public.s3.amazonaws.com/2021/04/06/2a9e38df-bf73-4fe3-8b30-9030837f63a8/ENCFF533LJF.bigWig	e922d3057622b615dd60a484cc83e6ce
ENCSR363HQX	ENCFF816DKC	RNA-seq		Homo sapiens K562 treated with 50 μM C646 for 48 hours	EFO:0002067	K562	hematopoietic cell,leukocyte,cancer cell	2	bigWig	signal of unique reads	unstranded	True	https://encode-public.s3.amazonaws.com/2021/12/31/c2fe762f-45bd-4381-acce-c21a6dc3fc69/ENCFF816DKC.bigWig	7bfc66df135d82bfc736389746531738
ENCSR363HQX	ENCFF666IJM	RNA-seq		Homo sapiens K562 treated with 50 μM C646 for 48 hours	EFO:0002067	K562	hematopoietic cell,leukocyte,cancer cell	1	bigWig	signal of unique reads	unstranded	False	https://encode-public.s3.amazonaws.com/2021/12/31/2d685766-59a8-4a82-a8b7-cddf94d250cc/ENCFF666IJM.bigWig	9b34da128c087feaf865905bb9363015
ENCSR369MDF	ENCFF856KPS	RNA-seq		Homo sapiens K562 treated with 5 μM JQ1 for 4 hours	EFO:0002067	K562	hematopoietic cell,leukocyte,cancer cell	1	bigWig	signal of unique reads	unstranded	False	https://encode-public.s3.amazonaws.com/2021/12/31/45f0f0c6-2fff-422c-8dd6-146ba717ee7e/ENCFF856KPS.bigWig	159a551fbeb15f21f5b60db9a0a4b28c
ENCSR369MDF	ENCFF529PLO	RNA-seq		Homo sapiens K562 treated with 5 μM JQ1 for 4 hours	EFO:0002067	K562	hematopoietic cell,leukocyte,cancer cell	2	bigWig	signal of unique reads	unstranded	True	https://encode-public.s3.amazonaws.com/2021/12/31/c2f93e8e-ee48-476c-b0ed-7d55b21daa34/ENCFF529PLO.bigWig	8e19a27266b3e7d19bca33b775eef622
ENCSR124KOZ	ENCFF164HSV	RNA-seq		Homo sapiens K562 treated with 25 μM Galeterone for 24 hours	EFO:0002067	K562	hematopoietic cell,leukocyte,cancer cell	2	bigWig	signal of unique reads	unstranded	False	https://encode-public.s3.amazonaws.com/2021/12/31/351d6ff6-748c-42d9-84aa-40906b7da797/ENCFF164HSV.bigWig	59538164dd3c0a9e6a78504a661e2668
ENCSR124KOZ	ENCFF642WCG	RNA-seq		Homo sapiens K562 treated with 25 μM Galeterone for 24 hours	EFO:0002067	K562	hematopoietic cell,leukocyte,cancer cell	1	bigWig	signal of unique reads	unstranded	True	https://encode-public.s3.amazonaws.com/2021/12/31/dd0425df-305b-4995-a6e0-edbde74ce35d/ENCFF642WCG.bigWig	9b6e4d83e71f51ed748fcff406875766
ENCSR006EBD	ENCFF960NQL	RNA-seq		Homo sapiens K562 treated with 100 nM GSK J4 for 4 hours	EFO:0002067	K562	hematopoietic cell,leukocyte,cancer cell	2	bigWig	signal of unique reads	unstranded	False	https://encode-public.s3.amazonaws.com/2021/12/31/acd05cd3-88dc-4662-8785-1de79f27fcd7/ENCFF960NQL.bigWig	da37b619394032f1bf8837a0113d8df8
ENCSR006EBD	ENCFF496WON	RNA-seq		Homo sapiens K562 treated with 100 nM GSK J4 for 4 hours	EFO:0002067	K562	hematopoietic cell,leukocyte,cancer cell	1	bigWig	signal of unique reads	unstranded	True	https://encode-public.s3.amazonaws.com/2021/12/31/a6c1cbb9-8607-4fa9-b43a-485a00c9d1db/ENCFF496WON.bigWig	06b858ab8e57cb643235971076b52a7f
ENCSR738ZHN	ENCFF274KQB	RNA-seq		Homo sapiens K562 treated with 10 μM Crizotinib for 12 hours	EFO:0002067	K562	hematopoietic cell,leukocyte,cancer cell	1	bigWig	signal of unique reads	unstranded	True	https://encode-public.s3.amazonaws.com/2021/12/31/6a0e91e4-1418-46b7-a9ff-e65a9a9aa324/ENCFF274KQB.bigWig	875453472b1ff1039ecde684228d4314
ENCSR738ZHN	ENCFF308NPY	RNA-seq		Homo sapiens K562 treated with 10 μM Crizotinib for 12 hours	EFO:0002067	K562	hematopoietic cell,leukocyte,cancer cell	2	bigWig	signal of unique reads	unstranded	False	https://encode-public.s3.amazonaws.com/2021/12/31/334cafe4-377b-41be-ba50-9f62c951e0b2/ENCFF308NPY.bigWig	e8e958ca83148f09fb5540496490fbd6
ENCSR056HPM	ENCFF205IED	RNA-seq		Homo sapiens K562 treated with 5 μM MB-3 for 12 hours	EFO:0002067	K562	hematopoietic cell,leukocyte,cancer cell	1	bigWig	signal of unique reads	unstranded	True	https://encode-public.s3.amazonaws.com/2021/12/31/a75ed2a0-18ba-4f7b-8016-7dafc69215ba/ENCFF205IED.bigWig	4107c7b22defe3804eab0fe5f4283ece
ENCSR056HPM	ENCFF250ZKQ	RNA-seq		Homo sapiens K562 treated with 5 μM MB-3 for 12 hours	EFO:0002067	K562	hematopoietic cell,leukocyte,cancer cell	2	bigWig	signal of unique reads	unstranded	False	https://encode-public.s3.amazonaws.com/2021/12/31/438da96b-264a-49ac-a7e8-639a1a0d94fa/ENCFF250ZKQ.bigWig	fe1b5c2786a7f0ad987828e038644af8
ENCSR957GVE	ENCFF204CAJ	RNA-seq		Homo sapiens K562 treated with 7.5 nM Panobinostat for 12 hours	EFO:0002067	K562	hematopoietic cell,leukocyte,cancer cell	2	bigWig	signal of unique reads	unstranded	True	https://encode-public.s3.amazonaws.com/2021/12/31/8eb6f91a-ca84-47b9-9378-a39ece98084e/ENCFF204CAJ.bigWig	d0daefc722110c769d2f81a44126ee6c
ENCSR957GVE	ENCFF366NWQ	RNA-seq		Homo sapiens K562 treated with 7.5 nM Panobinostat for 12 hours	EFO:0002067	K562	hematopoietic cell,leukocyte,cancer cell	1	bigWig	signal of unique reads	unstranded	False	https://encode-public.s3.amazonaws.com/2021/12/31/7bf49fdd-aba8-4dc7-95c1-a7dc7d5497bb/ENCFF366NWQ.bigWig	abf85aedf2d320ab948d91da35c46871
ENCSR062FHL	ENCFF127NDE	RNA-seq		Homo sapiens K562 treated with 1% DMSO for 4 hours	EFO:0002067	K562	hematopoietic cell,leukocyte,cancer cell	1	bigWig	signal of unique reads	unstranded	True	https://encode-public.s3.amazonaws.com/2021/12/31/7e327818-e32b-45f8-acb4-34c5043bb5b2/ENCFF127NDE.bigWig	fabeee1485ff189f72feba4849b91401
ENCSR062FHL	ENCFF981GAA	RNA-seq		Homo sapiens K562 treated with 1% DMSO for 4 hours	EFO:0002067	K562	hematopoietic cell,leukocyte,cancer cell	2	bigWig	signal of unique reads	unstranded	False	https://encode-public.s3.amazonaws.com/2021/12/31/58ff5092-6a51-41e0-847d-65522b558d77/ENCFF981GAA.bigWig	c743dc152d45a4adfed294438b41d16b
ENCSR601DZY	ENCFF065NBH	RNA-seq		Homo sapiens K562 treated with 1% DMSO for 12 hours	EFO:0002067	K562	hematopoietic cell,leukocyte,cancer cell	1	bigWig	signal of unique reads	unstranded	True	https://encode-public.s3.amazonaws.com/2021/12/31/815dffbe-3e6a-4936-9e18-60888083494f/ENCFF065NBH.bigWig	8a46265cbe445ff86e5f7f55b751d5ad
ENCSR601DZY	ENCFF877MMK	RNA-seq		Homo sapiens K562 treated with 1% DMSO for 12 hours	EFO:0002067	K562	hematopoietic cell,leukocyte,cancer cell	2	bigWig	signal of unique reads	unstranded	False	https://encode-public.s3.amazonaws.com/2021/12/31/cb1cdf6d-2f4b-49d8-afcc-4f63ea5b01c1/ENCFF877MMK.bigWig	78e095cea3b74f64307567bceb50c07e
ENCSR860RDT	ENCFF390VXA	RNA-seq		Homo sapiens K562 treated with 1% DMSO for 48 hours	EFO:0002067	K562	hematopoietic cell,leukocyte,cancer cell	1	bigWig	signal of unique reads	unstranded	True	https://encode-public.s3.amazonaws.com/2021/12/31/6f804493-b477-4621-a5da-7af58c4b311b/ENCFF390VXA.bigWig	0c6e0ec4c7a8ec71e8fc6373fd5746ad
ENCSR860RDT	ENCFF083UTG	RNA-seq		Homo sapiens K562 treated with 1% DMSO for 48 hours	EFO:0002067	K562	hematopoietic cell,leukocyte,cancer cell	2	bigWig	signal of unique reads	unstranded	False	https://encode-public.s3.amazonaws.com/2021/12/31/b475cf93-053a-459d-9637-2545763631aa/ENCFF083UTG.bigWig	b20ac59c03a8d796c3c130a6a0f7f183
ENCSR100JNS	ENCFF323KOZ	RNA-seq		Homo sapiens K562 treated with 1% DMSO for 24 hours	EFO:0002067	K562	hematopoietic cell,leukocyte,cancer cell	2	bigWig	signal of unique reads	unstranded	True	https://encode-public.s3.amazonaws.com/2021/12/31/a10c9474-2b69-4ddb-baf0-6bf2665deee4/ENCFF323KOZ.bigWig	fb4e5308d301f97b0cdd556ff4e29f76
ENCSR100JNS	ENCFF710BHJ	RNA-seq		Homo sapiens K562 treated with 1% DMSO for 24 hours	EFO:0002067	K562	hematopoietic cell,leukocyte,cancer cell	1	bigWig	signal of unique reads	unstranded	False	https://encode-public.s3.amazonaws.com/2021/12/31/7ab40e2c-e6ad-4900-b585-782f13a406ff/ENCFF710BHJ.bigWig	2eb48f213114ad44060b5b9cd1261bc7
ENCSR756TPG	ENCFF823JCH	PRO-cap		Homo sapiens K562	EFO:0002067	K562	hematopoietic cell,leukocyte,cancer cell	1	bigWig	plus strand signal of unique reads	reverse	False	https://encode-public.s3.amazonaws.com/2021/11/19/77a57a1b-5721-4002-a282-dd6648e75ec2/ENCFF823JCH.bigWig	51dc4c9c25d84ab174d222092c26ed66
ENCSR756TPG	ENCFF253KQJ	PRO-cap		Homo sapiens K562	EFO:0002067	K562	hematopoietic cell,leukocyte,cancer cell	2	bigWig	minus strand signal of unique reads	reverse	False	https://encode-public.s3.amazonaws.com/2021/11/19/ba422f1c-1717-4af2-8b1c-d1c7ffcefba9/ENCFF253KQJ.bigWig	9b42f62931fb5e85925e6e45b13d1c03
ENCSR756TPG	ENCFF633USA	PRO-cap		Homo sapiens K562	EFO:0002067	K562	hematopoietic cell,leukocyte,cancer cell	1	bigWig	plus strand signal of unique reads	reverse	False	https://encode-public.s3.amazonaws.com/2021/11/19/a335d2bd-fd8c-4545-a6b9-e09b3d87032a/ENCFF633USA.bigWig	cd693bea0032a6e6c0fb11750e35f472
ENCSR756TPG	ENCFF658HRY	PRO-cap		Homo sapiens K562	EFO:0002067	K562	hematopoietic cell,leukocyte,cancer cell	1	bigWig	minus strand signal of unique reads	reverse	False	https://encode-public.s3.amazonaws.com/2021/11/19/affbbd38-70d2-4356-8687-9a21a4e500de/ENCFF658HRY.bigWig	b07d58018125854e095d25b011d42ed0
ENCSR756TPG	ENCFF848KKP	PRO-cap		Homo sapiens K562	EFO:0002067	K562	hematopoietic cell,leukocyte,cancer cell	1	bigWig	minus strand signal of unique reads	reverse	False	https://encode-public.s3.amazonaws.com/2021/11/19/b5d0977f-3624-4f21-903c-8e36874ca2ac/ENCFF848KKP.bigWig	e2a55f0edf7712c107dd71ff9a159a0a
ENCSR756TPG	ENCFF182HUP	PRO-cap		Homo sapiens K562	EFO:0002067	K562	hematopoietic cell,leukocyte,cancer cell	2	bigWig	minus strand signal of unique reads	reverse	False	https://encode-public.s3.amazonaws.com/2021/11/19/1d455c7b-56f5-4bd9-a179-3cf7698f25c4/ENCFF182HUP.bigWig	dfa23c1ac1d6ed8191fe2111008cf627
ENCSR756TPG	ENCFF384ZQJ	PRO-cap		Homo sapiens K562	EFO:0002067	K562	hematopoietic cell,leukocyte,cancer cell	2	bigWig	plus strand signal of unique reads	reverse	False	https://encode-public.s3.amazonaws.com/2021/11/19/71068ea7-a2d9-41f1-9fc9-58b9141e50fc/ENCFF384ZQJ.bigWig	8c6b1b7c03b7204ca8a49524cdc5fdd6
ENCSR756TPG	ENCFF366DPV	PRO-cap		Homo sapiens K562	EFO:0002067	K562	hematopoietic cell,leukocyte,cancer cell	2	bigWig	plus strand signal of unique reads	reverse	False	https://encode-public.s3.amazonaws.com/2021/11/19/d02017fd-f4fc-4839-84ab-dbe8114ccc03/ENCFF366DPV.bigWig	75cccbdd5f58a9bed8867fd4a161f7d2
ENCSR866UOA	ENCFF289VET	RNA-seq		Homo sapiens K562 treated with 7.5 nM Panobinostat for 4 hours	EFO:0002067	K562	hematopoietic cell,leukocyte,cancer cell	1	bigWig	signal of unique reads	unstranded	False	https://encode-public.s3.amazonaws.com/2021/12/31/19683eae-d841-42ba-b368-d29251efc4f4/ENCFF289VET.bigWig	aeb6b3146b414275c73a30b08d3a65a8
ENCSR866UOA	ENCFF163UKO	RNA-seq		Homo sapiens K562 treated with 7.5 nM Panobinostat for 4 hours	EFO:0002067	K562	hematopoietic cell,leukocyte,cancer cell	2	bigWig	signal of unique reads	unstranded	True	https://encode-public.s3.amazonaws.com/2021/12/31/6dc43b9d-b19e-481f-a72c-b08004ccd9d3/ENCFF163UKO.bigWig	bd315c3337c7d79588e8d166107a66ce
ENCSR223DWL	ENCFF057IIF	RNA-seq		Homo sapiens K562 treated with 10 nM Bortezomib for 48 hours	EFO:0002067	K562	hematopoietic cell,leukocyte,cancer cell	1	bigWig	signal of unique reads	unstranded	False	https://encode-public.s3.amazonaws.com/2021/12/31/a26c0726-286a-40cf-a0e4-0bc875c323a3/ENCFF057IIF.bigWig	a625b86dab7220292041211d8d46ceba
ENCSR223DWL	ENCFF921EYU	RNA-seq		Homo sapiens K562 treated with 10 nM Bortezomib for 48 hours	EFO:0002067	K562	hematopoietic cell,leukocyte,cancer cell	2	bigWig	signal of unique reads	unstranded	True	https://encode-public.s3.amazonaws.com/2021/12/31/17f49b6c-b0f6-4708-998f-8d838708cb0c/ENCFF921EYU.bigWig	530871c1a262d1637084bb952aaaa7f0
ENCSR900IJI	ENCFF496TSR	RNA-seq		Homo sapiens K562 treated with 10 nM Bortezomib for 24 hours	EFO:0002067	K562	hematopoietic cell,leukocyte,cancer cell	1	bigWig	signal of unique reads	unstranded	True	https://encode-public.s3.amazonaws.com/2021/12/31/9448e540-32ad-4539-b944-9c004af7562f/ENCFF496TSR.bigWig	0c54bf4e81002ca23970bc5c24ab243e
ENCSR900IJI	ENCFF259MOV	RNA-seq		Homo sapiens K562 treated with 10 nM Bortezomib for 24 hours	EFO:0002067	K562	hematopoietic cell,leukocyte,cancer cell	2	bigWig	signal of unique reads	unstranded	False	https://encode-public.s3.amazonaws.com/2021/12/31/977f62c1-517a-46fc-810d-291046bc4276/ENCFF259MOV.bigWig	e4af0633979a8d85b799b719ef0bc346
ENCSR115PIZ	ENCFF132EEP	RNA-seq		Homo sapiens K562 treated with 10 nM Chaetocin for 48 hours	EFO:0002067	K562	hematopoietic cell,leukocyte,cancer cell	1	bigWig	signal of unique reads	unstranded	False	https://encode-public.s3.amazonaws.com/2021/12/31/6df11c72-469f-4476-83e1-a9d0b93275dd/ENCFF132EEP.bigWig	68a5dc8a8a8996fa9aaefa991f1824aa
ENCSR115PIZ	ENCFF165DQJ	RNA-seq		Homo sapiens K562 treated with 10 nM Chaetocin for 48 hours	EFO:0002067	K562	hematopoietic cell,leukocyte,cancer cell	2	bigWig	signal of unique reads	unstranded	True	https://encode-public.s3.amazonaws.com/2021/12/31/a402728e-2bfa-46b8-a7b7-e44041bc82ea/ENCFF165DQJ.bigWig	82c6f3ecb3c615cd27c9f4f266257026
ENCSR492KRY	ENCFF952UWM	RNA-seq		Homo sapiens K562 treated with 10 nM Chaetocin for 4 hours	EFO:0002067	K562	hematopoietic cell,leukocyte,cancer cell	1	bigWig	signal of unique reads	unstranded	False	https://encode-public.s3.amazonaws.com/2021/12/31/d2081def-1d21-4103-9cc7-ebbb708ddea8/ENCFF952UWM.bigWig	0ca21c18a98991fd06861d97e8db32c1
ENCSR492KRY	ENCFF434LVZ	RNA-seq		Homo sapiens K562 treated with 10 nM Chaetocin for 4 hours	EFO:0002067	K562	hematopoietic cell,leukocyte,cancer cell	2	bigWig	signal of unique reads	unstranded	True	https://encode-public.s3.amazonaws.com/2021/12/31/35446648-385d-40df-8973-389812339d92/ENCFF434LVZ.bigWig	e7f35e286721b6b05011deb26523ce99
ENCSR589FUJ	ENCFF504GVG	long read RNA-seq		Homo sapiens K562	EFO:0002067	K562	hematopoietic cell,leukocyte,cancer cell	1	bam	alignments	unstranded	False	https://encode-public.s3.amazonaws.com/2020/08/07/2397c5c5-2c19-4b9c-b2bd-cf6b802b630b/ENCFF504GVG.bam	21345cb7d1fd2656ccdd7bf4115781e1
ENCSR589FUJ	ENCFF479SQR	long read RNA-seq		Homo sapiens K562	EFO:0002067	K562	hematopoietic cell,leukocyte,cancer cell	2	bam	alignments	unstranded	False	https://encode-public.s3.amazonaws.com/2020/08/07/2c832042-5b14-449c-b974-6502518b6eba/ENCFF479SQR.bam	c59fbf5b54d837b83cf31ecd0280767e
ENCSR000CPZ	ENCFF188BCW	RNA-seq		Homo sapiens K562 nucleolus fraction	EFO:0002067	K562	hematopoietic cell,leukocyte,cancer cell	3	bigWig	minus strand signal of unique reads	reverse	False	https://encode-public.s3.amazonaws.com/2016/07/07/98ebbb16-e916-47c3-bb07-43c7c1b94122/ENCFF188BCW.bigWig	f7f853b508ccd976f38659344aa39832
ENCSR000CPZ	ENCFF144WKX	RNA-seq		Homo sapiens K562 nucleolus fraction	EFO:0002067	K562	hematopoietic cell,leukocyte,cancer cell	3	bigWig	plus strand signal of unique reads	reverse	False	https://encode-public.s3.amazonaws.com/2016/07/07/206625eb-5ff9-4cb8-b260-7e6a21bf5539/ENCFF144WKX.bigWig	3c05c6b77b3af74d74c51417405ece7a
ENCSR000CPZ	ENCFF434DDY	RNA-seq		Homo sapiens K562 nucleolus fraction	EFO:0002067	K562	hematopoietic cell,leukocyte,cancer cell	4	bigWig	plus strand signal of unique reads	reverse	True	https://encode-public.s3.amazonaws.com/2016/07/07/a631d9a7-3f67-401e-9cea-92e2a794a290/ENCFF434DDY.bigWig	0e8395cfaafccb9d4bb40b161bf7270c
ENCSR000CPZ	ENCFF557WHY	RNA-seq		Homo sapiens K562 nucleolus fraction	EFO:0002067	K562	hematopoietic cell,leukocyte,cancer cell	4	bigWig	minus strand signal of unique reads	reverse	True	https://encode-public.s3.amazonaws.com/2016/07/07/89c0c7be-f479-4b79-a3ea-3b86f37b1067/ENCFF557WHY.bigWig	ce0af8340d3e56351056bbdc4ef16c1c
ENCSR000CPZ	ENCFF048EEW	RNA-seq		Homo sapiens K562 nucleolus fraction	EFO:0002067	K562	hematopoietic cell,leukocyte,cancer cell	4	bigWig	minus strand signal of unique reads	reverse	True	https://encode-public.s3.amazonaws.com/2021/04/05/b1d1e85a-a41b-4069-9c0d-cfb03fac66a2/ENCFF048EEW.bigWig	b98be4937b7f2a6b9ee1fead8750822b
ENCSR000CPZ	ENCFF394YEU	RNA-seq		Homo sapiens K562 nucleolus fraction	EFO:0002067	K562	hematopoietic cell,leukocyte,cancer cell	4	bigWig	plus strand signal of unique reads	reverse	True	https://encode-public.s3.amazonaws.com/2021/04/05/22f3865b-5af4-4bef-b9eb-f7c0d1ccbb94/ENCFF394YEU.bigWig	285558dd7c0af3c6a2223c2c954eeafe
ENCSR000CPZ	ENCFF777APL	RNA-seq		Homo sapiens K562 nucleolus fraction	EFO:0002067	K562	hematopoietic cell,leukocyte,cancer cell	3	bigWig	minus strand signal of unique reads	reverse	False	https://encode-public.s3.amazonaws.com/2021/04/05/f1cb3bcd-90b5-45e0-a07e-194930229474/ENCFF777APL.bigWig	005b2e2e90e28678ec34311279d66e37
ENCSR000CPZ	ENCFF886LMB	RNA-seq		Homo sapiens K562 nucleolus fraction	EFO:0002067	K562	hematopoietic cell,leukocyte,cancer cell	3	bigWig	plus strand signal of unique reads	reverse	False	https://encode-public.s3.amazonaws.com/2021/04/05/c9c88810-2a80-472a-a652-7b27285de679/ENCFF886LMB.bigWig	8d79f73dc697c5fa04cd611cc70dc175
ENCSR220XSM	ENCFF850NZE	PRO-cap		Homo sapiens K562	EFO:0002067	K562	hematopoietic cell,leukocyte,cancer cell	1	bigWig	plus strand signal of unique reads	reverse	False	https://encode-public.s3.amazonaws.com/2024/10/18/b31d5ca0-1c15-4140-89a5-46c44f4a0fed/ENCFF850NZE.bigWig	ba96e2c7f78e92d50de70d490f35fece
ENCSR220XSM	ENCFF364CCA	PRO-cap		Homo sapiens K562	EFO:0002067	K562	hematopoietic cell,leukocyte,cancer cell	1	bigWig	minus strand signal of unique reads	reverse	False	https://encode-public.s3.amazonaws.com/2024/10/18/91cbdb67-37b8-4aad-a88e-1eb8417ee82f/ENCFF364CCA.bigWig	e44864d97ef95447f0db0fce7c74c481
ENCSR220XSM	ENCFF918QKQ	PRO-cap		Homo sapiens K562	EFO:0002067	K562	hematopoietic cell,leukocyte,cancer cell	1	bigWig	plus strand signal of unique reads	reverse	False	https://encode-public.s3.amazonaws.com/2024/10/18/2ab85fe2-f8e4-4fea-b653-9ede44d3dc33/ENCFF918QKQ.bigWig	331b09e24b7ffd86fe7236835ee512f9
ENCSR220XSM	ENCFF861JFD	PRO-cap		Homo sapiens K562	EFO:0002067	K562	hematopoietic cell,leukocyte,cancer cell	1	bigWig	minus strand signal of unique reads	reverse	False	https://encode-public.s3.amazonaws.com/2024/10/18/659e8cd0-db2e-41d5-8318-305b82842660/ENCFF861JFD.bigWig	8b2ac129f66d98730d75e884a15ab48b
ENCSR729WFH	ENCFF634YGF	Bru-seq		Homo sapiens K562	EFO:0002067	K562	hematopoietic cell,leukocyte,cancer cell	4	bigWig	plus strand signal of unique reads	reverse	True	https://encode-public.s3.amazonaws.com/2021/09/03/6dae890f-cc17-49dd-a282-f3920fb76167/ENCFF634YGF.bigWig	2b13dbc22d39a346b37c4c64efb8c3d3
ENCSR729WFH	ENCFF904FIS	Bru-seq		Homo sapiens K562	EFO:0002067	K562	hematopoietic cell,leukocyte,cancer cell	4	bigWig	minus strand signal of unique reads	reverse	True	https://encode-public.s3.amazonaws.com/2021/09/03/0c2b0d5a-1aed-49f6-bd13-19d728df101c/ENCFF904FIS.bigWig	75cace04fcf2c514434be9c49f2e941c
ENCSR729WFH	ENCFF457YLQ	Bru-seq		Homo sapiens K562	EFO:0002067	K562	hematopoietic cell,leukocyte,cancer cell	5	bigWig	plus strand signal of unique reads	reverse	False	https://encode-public.s3.amazonaws.com/2021/09/03/a3939755-21ee-4948-beb2-cdb5619c49e3/ENCFF457YLQ.bigWig	d96e9bc63cfe3a74c697b5a39d13c1d3
ENCSR729WFH	ENCFF192ODC	Bru-seq		Homo sapiens K562	EFO:0002067	K562	hematopoietic cell,leukocyte,cancer cell	5	bigWig	minus strand signal of unique reads	reverse	False	https://encode-public.s3.amazonaws.com/2021/09/03/58131398-f891-4517-a847-1ccf9c942fe8/ENCFF192ODC.bigWig	c394c1e5c35c7dd6c9df370e36810826
ENCSR492DKJ	ENCFF884WWL	Bru-seq		Homo sapiens K562 treated with 500 rad irradiation	EFO:0002067	K562	hematopoietic cell,leukocyte,cancer cell	4	bigWig	plus strand signal of unique reads	reverse	False	https://encode-public.s3.amazonaws.com/2021/09/03/3de0bdc1-d7af-44f4-8ea9-05b64064b044/ENCFF884WWL.bigWig	59b116550e4a3573e9b2e69a0ea4e74c
ENCSR492DKJ	ENCFF333EVW	Bru-seq		Homo sapiens K562 treated with 500 rad irradiation	EFO:0002067	K562	hematopoietic cell,leukocyte,cancer cell	4	bigWig	minus strand signal of unique reads	reverse	False	https://encode-public.s3.amazonaws.com/2021/09/03/321bda47-1572-411d-9b8e-e5c3ece8b303/ENCFF333EVW.bigWig	7eeab2bedf554c511df0c7d3a701cf00
ENCSR492DKJ	ENCFF802ILI	Bru-seq		Homo sapiens K562 treated with 500 rad irradiation	EFO:0002067	K562	hematopoietic cell,leukocyte,cancer cell	5	bigWig	plus strand signal of unique reads	reverse	True	https://encode-public.s3.amazonaws.com/2021/09/03/5907dedc-168f-4ae9-9b96-ed35e7c63632/ENCFF802ILI.bigWig	a36e6ba3bc0b038f14c2565d847b6d1c
ENCSR492DKJ	ENCFF740ZQB	Bru-seq		Homo sapiens K562 treated with 500 rad irradiation	EFO:0002067	K562	hematopoietic cell,leukocyte,cancer cell	5	bigWig	minus strand signal of unique reads	reverse	True	https://encode-public.s3.amazonaws.com/2021/09/03/962536c3-4842-4b07-8cf5-34d8a9368bf9/ENCFF740ZQB.bigWig	6b3ce465a2ac6d87b8843a4a2e810c4e
ENCSR792OIJ	ENCFF123ORL	RNA-seq		Homo sapiens K562	EFO:0002067	K562	hematopoietic cell,leukocyte,cancer cell	2	bigWig	minus strand signal of unique reads	reverse	False	https://encode-public.s3.amazonaws.com/2020/11/04/43ef8ca5-2b88-4a77-ab94-930b48df6526/ENCFF123ORL.bigWig	a93a06a1f417c173ea90767b14322e7d
ENCSR792OIJ	ENCFF312ZLI	RNA-seq		Homo sapiens K562	EFO:0002067	K562	hematopoietic cell,leukocyte,cancer cell	1	bigWig	plus strand signal of unique reads	reverse	True	https://encode-public.s3.amazonaws.com/2020/11/04/b3985529-cb18-42df-9b9d-fb32854e6245/ENCFF312ZLI.bigWig	bc0187cec4cfd1b18f871c8d0e361279
ENCSR792OIJ	ENCFF530FJG	RNA-seq		Homo sapiens K562	EFO:0002067	K562	hematopoietic cell,leukocyte,cancer cell	1	bigWig	minus strand signal of unique reads	reverse	True	https://encode-public.s3.amazonaws.com/2020/11/04/140e3415-4979-4311-bde4-dec7a10947c5/ENCFF530FJG.bigWig	0e3eeac21f106ea3836411a4dfae35ff
ENCSR792OIJ	ENCFF272TZC	RNA-seq		Homo sapiens K562	EFO:0002067	K562	hematopoietic cell,leukocyte,cancer cell	2	bigWig	plus strand signal of unique reads	reverse	False	https://encode-public.s3.amazonaws.com/2020/11/04/0da83a84-08b7-477b-a22c-ac15152f0bc3/ENCFF272TZC.bigWig	6ea9160b3cd91e6ba774c8ed871a3d50
ENCSR000AEN	ENCFF471XSG	RNA-seq		Homo sapiens K562	EFO:0002067	K562	hematopoietic cell,leukocyte,cancer cell	1	bigWig	plus strand signal of unique reads	reverse	False	https://encode-public.s3.amazonaws.com/2016/02/04/d838dfc0-739b-4531-be9d-51f15df9cc46/ENCFF471XSG.bigWig	4091343a12ca75d051b2e0292504db07
ENCSR000AEN	ENCFF118MJD	RNA-seq		Homo sapiens K562	EFO:0002067	K562	hematopoietic cell,leukocyte,cancer cell	1	bigWig	minus strand signal of unique reads	reverse	False	https://encode-public.s3.amazonaws.com/2016/02/04/a149e71d-1562-44f8-a393-5d88b229216d/ENCFF118MJD.bigWig	1d6a93ffec815fdb7f18f860215660bd
ENCSR000AEN	ENCFF743XFR	RNA-seq		Homo sapiens K562	EFO:0002067	K562	hematopoietic cell,leukocyte,cancer cell	2	bigWig	minus strand signal of unique reads	reverse	True	https://encode-public.s3.amazonaws.com/2016/02/04/a5fc304f-67c0-4dad-a9d1-7a543575ec48/ENCFF743XFR.bigWig	d83d1486c854f28c218d09580596a668
ENCSR000AEN	ENCFF855QYP	RNA-seq		Homo sapiens K562	EFO:0002067	K562	hematopoietic cell,leukocyte,cancer cell	2	bigWig	plus strand signal of unique reads	reverse	True	https://encode-public.s3.amazonaws.com/2016/02/04/6fcb99df-339a-4d85-baba-5a3d96de7143/ENCFF855QYP.bigWig	8ec9b7ba0f1710dede786be3d5b98345
ENCSR000AEN	ENCFF338GUE	RNA-seq		Homo sapiens K562	EFO:0002067	K562	hematopoietic cell,leukocyte,cancer cell	2	bigWig	plus strand signal of unique reads	reverse	True	https://encode-public.s3.amazonaws.com/2021/02/23/1e9038a6-c54b-49bb-985f-5f4c50f8ae19/ENCFF338GUE.bigWig	1ab0068b390b9e858703c89a4ba797bf
ENCSR000AEN	ENCFF516IKJ	RNA-seq		Homo sapiens K562	EFO:0002067	K562	hematopoietic cell,leukocyte,cancer cell	2	bigWig	minus strand signal of unique reads	reverse	True	https://encode-public.s3.amazonaws.com/2021/02/23/bf4bbca7-7c12-4d39-b5cf-8a32c727e8d0/ENCFF516IKJ.bigWig	46053a6e2a33ff9075b11d11d7d42220
ENCSR000AEN	ENCFF919EXM	RNA-seq		Homo sapiens K562	EFO:0002067	K562	hematopoietic cell,leukocyte,cancer cell	1	bigWig	plus strand signal of unique reads	reverse	False	https://encode-public.s3.amazonaws.com/2021/02/23/cb15ce3c-d59f-4e22-b070-f949ea8540fe/ENCFF919EXM.bigWig	dd33e2196dffd1a35db4da67637af72e
ENCSR000AEN	ENCFF322XKJ	RNA-seq		Homo sapiens K562	EFO:0002067	K562	hematopoietic cell,leukocyte,cancer cell	1	bigWig	minus strand signal of unique reads	reverse	False	https://encode-public.s3.amazonaws.com/2021/02/23/5f05e0e7-9476-482d-9dad-39bb23349492/ENCFF322XKJ.bigWig	06391efa0914636e008a7d07a096a75b
ENCSR762OPQ	ENCFF418QYR	BruChase-seq		Homo sapiens K562, subjected to a 6 hour pulse-chase	EFO:0002067	K562	hematopoietic cell,leukocyte,cancer cell	4	bigWig	plus strand signal of unique reads	reverse	False	https://encode-public.s3.amazonaws.com/2021/09/03/1aa192db-5f4a-40b1-9dd1-f850b95c7c85/ENCFF418QYR.bigWig	9069aef67b7d7be51b46f9708bda2652
ENCSR762OPQ	ENCFF491PKC	BruChase-seq		Homo sapiens K562, subjected to a 6 hour pulse-chase	EFO:0002067	K562	hematopoietic cell,leukocyte,cancer cell	4	bigWig	minus strand signal of unique reads	reverse	False	https://encode-public.s3.amazonaws.com/2021/09/03/07b74a4e-3e3c-41b1-b78f-74e23a4c0b7e/ENCFF491PKC.bigWig	c4962bb2727686879712da9508d420ac
ENCSR762OPQ	ENCFF369BGA	BruChase-seq		Homo sapiens K562, subjected to a 6 hour pulse-chase	EFO:0002067	K562	hematopoietic cell,leukocyte,cancer cell	5	bigWig	plus strand signal of unique reads	reverse	True	https://encode-public.s3.amazonaws.com/2021/09/03/af478395-57b8-4de3-84e6-1840d8d00823/ENCFF369BGA.bigWig	3021b537d0813eb934e98cf2c605eafa
ENCSR762OPQ	ENCFF197MLH	BruChase-seq		Homo sapiens K562, subjected to a 6 hour pulse-chase	EFO:0002067	K562	hematopoietic cell,leukocyte,cancer cell	5	bigWig	minus strand signal of unique reads	reverse	True	https://encode-public.s3.amazonaws.com/2021/09/03/4c42ffd3-d1c4-446e-9d6e-f1a943d9fbf3/ENCFF197MLH.bigWig	118e0e02371413b899c525149caf525a
ENCSR974RZE	ENCFF300NKB	BruUV-seq		Homo sapiens K562	EFO:0002067	K562	hematopoietic cell,leukocyte,cancer cell	4	bigWig	plus strand signal of unique reads	reverse	False	https://encode-public.s3.amazonaws.com/2021/09/03/6a47e8e7-88a5-4d76-8600-939edc797fd6/ENCFF300NKB.bigWig	6b1a67962fedc8c309d8b31d629cfeaa
ENCSR974RZE	ENCFF376HCW	BruUV-seq		Homo sapiens K562	EFO:0002067	K562	hematopoietic cell,leukocyte,cancer cell	4	bigWig	minus strand signal of unique reads	reverse	False	https://encode-public.s3.amazonaws.com/2021/09/03/1b2922af-5775-4485-9c55-212d3036a0b8/ENCFF376HCW.bigWig	90e0db83e0cdeba2ccdeb63dee2c4dfb
ENCSR974RZE	ENCFF785VUS	BruUV-seq		Homo sapiens K562	EFO:0002067	K562	hematopoietic cell,leukocyte,cancer cell	5	bigWig	plus strand signal of unique reads	reverse	True	https://encode-public.s3.amazonaws.com/2021/09/03/bee58259-8a2b-4219-b1c5-36a43b603e77/ENCFF785VUS.bigWig	14de78a7ecd4b245fedae85932f4f7d9
ENCSR974RZE	ENCFF182BOL	BruUV-seq		Homo sapiens K562	EFO:0002067	K562	hematopoietic cell,leukocyte,cancer cell	5	bigWig	minus strand signal of unique reads	reverse	True	https://encode-public.s3.amazonaws.com/2021/09/03/bb99444c-2a7d-4028-9547-055d77dbf301/ENCFF182BOL.bigWig	25c581c22ef041130ceb56276adf9384
ENCSR633UIR	ENCFF437NME	BruChase-seq		Homo sapiens K562, subjected to a 2 hour pulse-chase	EFO:0002067	K562	hematopoietic cell,leukocyte,cancer cell	4	bigWig	plus strand signal of unique reads	reverse	False	https://encode-public.s3.amazonaws.com/2021/09/03/6047625b-8327-4b03-923c-c78c22c8e1de/ENCFF437NME.bigWig	a38ae36a1e51709729acc347f4fa91b0
ENCSR633UIR	ENCFF878IEC	BruChase-seq		Homo sapiens K562, subjected to a 2 hour pulse-chase	EFO:0002067	K562	hematopoietic cell,leukocyte,cancer cell	4	bigWig	minus strand signal of unique reads	reverse	False	https://encode-public.s3.amazonaws.com/2021/09/03/c9562073-d120-4acf-9f4d-397061d132d9/ENCFF878IEC.bigWig	268435adb18c0b4b788e25bdfd3e5915
ENCSR633UIR	ENCFF578ANC	BruChase-seq		Homo sapiens K562, subjected to a 2 hour pulse-chase	EFO:0002067	K562	hematopoietic cell,leukocyte,cancer cell	5	bigWig	plus strand signal of unique reads	reverse	True	https://encode-public.s3.amazonaws.com/2021/09/03/1fd24256-2eae-44d8-8a22-c01de10afa25/ENCFF578ANC.bigWig	729e3c1bedbae1c01d8e4ad193ef5412
ENCSR633UIR	ENCFF233VWD	BruChase-seq		Homo sapiens K562, subjected to a 2 hour pulse-chase	EFO:0002067	K562	hematopoietic cell,leukocyte,cancer cell	5	bigWig	minus strand signal of unique reads	reverse	True	https://encode-public.s3.amazonaws.com/2021/09/03/60b283e5-d905-4fdb-8664-ac3ec9a801f2/ENCFF233VWD.bigWig	e563c2cc34a79d618006f7ccd18dc7cd
ENCSR615EEK	ENCFF585HTZ	RNA-seq		Homo sapiens K562	EFO:0002067	K562	hematopoietic cell,leukocyte,cancer cell	1	bigWig	plus strand signal of unique reads	reverse	True	https://encode-public.s3.amazonaws.com/2020/10/30/2b5767d4-57fc-4a6f-b50b-660d164f77b4/ENCFF585HTZ.bigWig	cc22df00ccf3af13fd208828480a7f04
ENCSR615EEK	ENCFF876JOV	RNA-seq		Homo sapiens K562	EFO:0002067	K562	hematopoietic cell,leukocyte,cancer cell	1	bigWig	minus strand signal of unique reads	reverse	True	https://encode-public.s3.amazonaws.com/2020/10/30/92b9cac8-9587-417b-b3bc-abc7059bf075/ENCFF876JOV.bigWig	cd9f7432892b5d9355ff405220508915
ENCSR109IQO	ENCFF718ECT	RNA-seq		Homo sapiens K562	EFO:0002067	K562	leukocyte,cancer cell,hematopoietic cell	1	bigWig	plus strand signal of unique reads	reverse	True	https://encode-public.s3.amazonaws.com/2016/03/02/2ca59a42-087d-4f4a-8bff-8d2327d13370/ENCFF718ECT.bigWig	d22762b5a80f50778760054b8cd0f81c
ENCSR109IQO	ENCFF904XRR	RNA-seq		Homo sapiens K562	EFO:0002067	K562	leukocyte,cancer cell,hematopoietic cell	2	bigWig	minus strand signal of unique reads	reverse	False	https://encode-public.s3.amazonaws.com/2016/03/02/4946018f-6270-4ebf-8f8e-5897aad9921a/ENCFF904XRR.bigWig	dfb8e7e6a6414e13fe20ce161c51ac1c
ENCSR109IQO	ENCFF276MFJ	RNA-seq		Homo sapiens K562	EFO:0002067	K562	leukocyte,cancer cell,hematopoietic cell	1	bigWig	minus strand signal of unique reads	reverse	True	https://encode-public.s3.amazonaws.com/2016/03/02/4ebbc170-99ef-4076-9480-b746bbeb4919/ENCFF276MFJ.bigWig	1132146ee4e90857d9888d3671f44762
ENCSR109IQO	ENCFF682JGI	RNA-seq		Homo sapiens K562	EFO:0002067	K562	leukocyte,cancer cell,hematopoietic cell	2	bigWig	plus strand signal of unique reads	reverse	False	https://encode-public.s3.amazonaws.com/2016/03/02/d45c4c5b-b998-405f-b9de-a1cdb33a35f0/ENCFF682JGI.bigWig	1f8261d58377972e4095c33a14500d85
ENCSR109IQO	ENCFF944XYT	RNA-seq		Homo sapiens K562	EFO:0002067	K562	leukocyte,cancer cell,hematopoietic cell	1	bigWig	plus strand signal of unique reads	reverse	True	https://encode-public.s3.amazonaws.com/2021/01/30/ef990d98-9b4d-479a-8dc3-3cd8a9fa7c73/ENCFF944XYT.bigWig	845b8863488a8d374920e23e753855c8
ENCSR109IQO	ENCFF013KWA	RNA-seq		Homo sapiens K562	EFO:0002067	K562	leukocyte,cancer cell,hematopoietic cell	1	bigWig	minus strand signal of unique reads	reverse	True	https://encode-public.s3.amazonaws.com/2021/01/30/cc2ed600-d57f-48ae-9056-4d93e11727d8/ENCFF013KWA.bigWig	e2b160be963b101af2260ef015b94b67
ENCSR109IQO	ENCFF695FJS	RNA-seq		Homo sapiens K562	EFO:0002067	K562	leukocyte,cancer cell,hematopoietic cell	2	bigWig	plus strand signal of unique reads	reverse	False	https://encode-public.s3.amazonaws.com/2021/01/30/bfac081e-b5e3-4c0e-8c65-061b597bb8a7/ENCFF695FJS.bigWig	a9ea383e7fc81238d2850bab2aff196a
ENCSR109IQO	ENCFF884WOK	RNA-seq		Homo sapiens K562	EFO:0002067	K562	leukocyte,cancer cell,hematopoietic cell	2	bigWig	minus strand signal of unique reads	reverse	False	https://encode-public.s3.amazonaws.com/2021/01/30/94e772d6-b2f7-4758-b12f-4b45f6c32963/ENCFF884WOK.bigWig	8807d587842e9b001b77fface14e826e
